Date,Bank,FD Rate 1Y (%),FD Rate 3Y (%),FD Rate 5Y (%)
2005-01-01,HDFC Bank,6.88,7.47,8.19
2005-01-01,SBI,8.03,8.45,9.11
2005-01-01,ICICI Bank,7.77,8.69,9.11
2005-01-01,Axis Bank,7.58,8.03,8.7
2005-01-01,Kotak Mahindra Bank,8.47,8.83,9.4
2005-01-01,Punjab National Bank,4.45,4.93,5.43
2005-01-01,Canara Bank,5.6,6.44,6.92
2005-02-01,HDFC Bank,7.36,8.35,9.01
2005-02-01,SBI,7.61,8.45,9.23
2005-02-01,ICICI Bank,8.14,8.98,9.25
2005-02-01,Axis Bank,8.41,8.98,9.65
2005-02-01,Kotak Mahindra Bank,7.64,7.9,8.4
2005-02-01,Punjab National Bank,4.71,5.34,5.94
2005-02-01,Canara Bank,8.36,8.91,9.37
2005-03-01,HDFC Bank,7.89,8.63,8.84
2005-03-01,SBI,7.38,7.84,8.07
2005-03-01,ICICI Bank,6.36,6.81,7.38
2005-03-01,Axis Bank,7.05,8.03,8.28
2005-03-01,Kotak Mahindra Bank,5.88,6.65,7.08
2005-03-01,Punjab National Bank,7.28,7.69,8.38
2005-03-01,Canara Bank,5.2,5.77,6.36
2005-04-01,HDFC Bank,6.72,7.7,8.04
2005-04-01,SBI,4.61,5.56,5.82
2005-04-01,ICICI Bank,6.53,7.41,7.96
2005-04-01,Axis Bank,8.41,8.69,9.32
2005-04-01,Kotak Mahindra Bank,4.85,5.62,6.3
2005-04-01,Punjab National Bank,5.85,6.59,7.28
2005-04-01,Canara Bank,6.39,6.64,6.87
2005-05-01,HDFC Bank,7.28,8.27,8.86
2005-05-01,SBI,4.61,5.19,5.83
2005-05-01,ICICI Bank,6.53,6.85,7.52
2005-05-01,Axis Bank,7.47,8.12,8.39
2005-05-01,Kotak Mahindra Bank,4.06,4.91,5.15
2005-05-01,Punjab National Bank,4.97,5.17,5.74
2005-05-01,Canara Bank,4.9,5.58,5.84
2005-06-01,HDFC Bank,6.48,7.21,7.58
2005-06-01,SBI,7.79,8.4,8.93
2005-06-01,ICICI Bank,7.48,8.16,8.41
2005-06-01,Axis Bank,7.35,7.69,7.95
2005-06-01,Kotak Mahindra Bank,8.12,8.66,9.01
2005-06-01,Punjab National Bank,4.82,5.4,5.92
2005-06-01,Canara Bank,6.93,7.78,8.21
2005-07-01,HDFC Bank,5.93,6.84,7.07
2005-07-01,SBI,4.06,4.74,5.41
2005-07-01,ICICI Bank,5.75,6.14,6.86
2005-07-01,Axis Bank,5.61,6.03,6.36
2005-07-01,Kotak Mahindra Bank,6.55,7.16,7.43
2005-07-01,Punjab National Bank,5.29,5.57,6.13
2005-07-01,Canara Bank,4.87,5.21,5.57
2005-08-01,HDFC Bank,6.8,7.64,8.28
2005-08-01,SBI,5.17,5.77,6.34
2005-08-01,ICICI Bank,5.85,6.21,6.92
2005-08-01,Axis Bank,7.58,8.2,8.63
2005-08-01,Kotak Mahindra Bank,6.41,6.85,7.44
2005-08-01,Punjab National Bank,6.49,7.39,7.87
2005-08-01,Canara Bank,5.65,6.16,6.45
2005-09-01,HDFC Bank,4.57,5.44,5.99
2005-09-01,SBI,6.81,7.13,7.34
2005-09-01,ICICI Bank,4.85,5.62,5.83
2005-09-01,Axis Bank,6.98,7.83,8.37
2005-09-01,Kotak Mahindra Bank,4.36,4.89,5.35
2005-09-01,Punjab National Bank,6.02,6.84,7.49
2005-09-01,Canara Bank,7.38,7.96,8.29
2005-10-01,HDFC Bank,4.86,5.74,6.16
2005-10-01,SBI,4.94,5.61,5.92
2005-10-01,ICICI Bank,6.52,6.72,7.18
2005-10-01,Axis Bank,6.27,6.95,7.23
2005-10-01,Kotak Mahindra Bank,8.4,8.69,9.09
2005-10-01,Punjab National Bank,6.88,7.8,8.16
2005-10-01,Canara Bank,5.02,5.72,6.05
2005-11-01,HDFC Bank,5.09,5.81,6.15
2005-11-01,SBI,7.26,7.64,8.27
2005-11-01,ICICI Bank,4.88,5.77,6.36
2005-11-01,Axis Bank,8.42,8.72,9.02
2005-11-01,Kotak Mahindra Bank,4.59,4.83,5.23
2005-11-01,Punjab National Bank,6.12,6.52,6.88
2005-11-01,Canara Bank,8.15,8.54,8.9
2005-12-01,HDFC Bank,7.16,7.87,8.2
2005-12-01,SBI,4.26,5.18,5.96
2005-12-01,ICICI Bank,4.36,5.26,5.81
2005-12-01,Axis Bank,6.91,7.86,8.23
2005-12-01,Kotak Mahindra Bank,6.73,7.67,8.1
2005-12-01,Punjab National Bank,6.94,7.81,8.47
2005-12-01,Canara Bank,4.72,5.02,5.64
2006-01-01,HDFC Bank,5.53,5.89,6.27
2006-01-01,SBI,4.61,5.4,5.76
2006-01-01,ICICI Bank,6.92,7.85,8.26
2006-01-01,Axis Bank,7.78,8.65,9.14
2006-01-01,Kotak Mahindra Bank,7.63,7.92,8.25
2006-01-01,Punjab National Bank,7.49,7.96,8.4
2006-01-01,Canara Bank,7.44,8.09,8.89
2006-02-01,HDFC Bank,5.26,5.82,6.06
2006-02-01,SBI,6.67,7.38,7.6
2006-02-01,ICICI Bank,6.99,7.67,8.42
2006-02-01,Axis Bank,5.59,6.58,7.08
2006-02-01,Kotak Mahindra Bank,4.02,4.31,4.77
2006-02-01,Punjab National Bank,4.48,4.95,5.49
2006-02-01,Canara Bank,6.76,7.59,8.34
2006-03-01,HDFC Bank,8.17,9.16,9.71
2006-03-01,SBI,8.39,8.91,9.37
2006-03-01,ICICI Bank,4.27,5.27,5.61
2006-03-01,Axis Bank,6.85,7.73,8.27
2006-03-01,Kotak Mahindra Bank,6.58,6.82,7.42
2006-03-01,Punjab National Bank,4.31,5.23,5.53
2006-03-01,Canara Bank,4.08,4.75,5.28
2006-04-01,HDFC Bank,4.77,5.24,5.99
2006-04-01,SBI,7.87,8.77,9.55
2006-04-01,ICICI Bank,5.32,6.02,6.69
2006-04-01,Axis Bank,6.23,6.95,7.34
2006-04-01,Kotak Mahindra Bank,8.5,8.81,9.58
2006-04-01,Punjab National Bank,6.04,6.72,7.37
2006-04-01,Canara Bank,4.28,4.6,4.87
2006-05-01,HDFC Bank,6.35,6.95,7.31
2006-05-01,SBI,7.19,7.97,8.53
2006-05-01,ICICI Bank,6.23,6.45,6.87
2006-05-01,Axis Bank,4.55,5.02,5.36
2006-05-01,Kotak Mahindra Bank,8.37,8.89,9.17
2006-05-01,Punjab National Bank,7.95,8.5,9.15
2006-05-01,Canara Bank,8.12,8.33,8.61
2006-06-01,HDFC Bank,4.96,5.71,6.0
2006-06-01,SBI,7.69,8.17,8.91
2006-06-01,ICICI Bank,6.81,7.43,7.96
2006-06-01,Axis Bank,5.97,6.89,7.22
2006-06-01,Kotak Mahindra Bank,5.38,6.2,6.44
2006-06-01,Punjab National Bank,4.36,5.27,5.59
2006-06-01,Canara Bank,6.22,6.88,7.6
2006-07-01,HDFC Bank,4.83,5.26,6.0
2006-07-01,SBI,7.77,8.54,9.0
2006-07-01,ICICI Bank,4.99,5.25,5.77
2006-07-01,Axis Bank,7.16,7.56,7.78
2006-07-01,Kotak Mahindra Bank,6.14,6.37,6.76
2006-07-01,Punjab National Bank,7.38,8.31,8.64
2006-07-01,Canara Bank,5.95,6.84,7.13
2006-08-01,HDFC Bank,5.05,5.46,5.77
2006-08-01,SBI,8.12,8.66,8.9
2006-08-01,ICICI Bank,5.86,6.16,6.64
2006-08-01,Axis Bank,7.88,8.42,9.02
2006-08-01,Kotak Mahindra Bank,4.83,5.53,6.07
2006-08-01,Punjab National Bank,5.99,6.78,7.4
2006-08-01,Canara Bank,7.15,7.9,8.12
2006-09-01,HDFC Bank,4.78,5.14,5.49
2006-09-01,SBI,7.02,7.49,8.07
2006-09-01,ICICI Bank,6.41,7.26,7.61
2006-09-01,Axis Bank,5.64,6.4,6.71
2006-09-01,Kotak Mahindra Bank,6.17,6.83,7.21
2006-09-01,Punjab National Bank,6.82,7.5,8.28
2006-09-01,Canara Bank,4.84,5.18,5.69
2006-10-01,HDFC Bank,6.34,7.24,8.02
2006-10-01,SBI,4.63,5.13,5.88
2006-10-01,ICICI Bank,8.46,9.16,9.49
2006-10-01,Axis Bank,4.15,5.09,5.44
2006-10-01,Kotak Mahindra Bank,4.03,5.02,5.8
2006-10-01,Punjab National Bank,7.6,8.08,8.29
2006-10-01,Canara Bank,4.91,5.5,5.94
2006-11-01,HDFC Bank,6.73,7.33,7.7
2006-11-01,SBI,5.15,5.9,6.41
2006-11-01,ICICI Bank,6.15,6.99,7.57
2006-11-01,Axis Bank,6.29,6.7,7.45
2006-11-01,Kotak Mahindra Bank,7.8,8.18,8.73
2006-11-01,Punjab National Bank,7.94,8.83,9.36
2006-11-01,Canara Bank,4.72,5.42,6.04
2006-12-01,HDFC Bank,4.88,5.25,5.74
2006-12-01,SBI,6.92,7.57,8.03
2006-12-01,ICICI Bank,6.95,7.15,7.85
2006-12-01,Axis Bank,6.44,7.24,7.63
2006-12-01,Kotak Mahindra Bank,5.4,6.36,6.89
2006-12-01,Punjab National Bank,6.17,7.06,7.29
2006-12-01,Canara Bank,7.55,8.32,8.74
2007-01-01,HDFC Bank,7.07,7.72,8.38
2007-01-01,SBI,4.05,4.68,5.16
2007-01-01,ICICI Bank,5.45,6.27,6.6
2007-01-01,Axis Bank,7.17,7.83,8.43
2007-01-01,Kotak Mahindra Bank,7.72,8.05,8.43
2007-01-01,Punjab National Bank,6.61,6.97,7.71
2007-01-01,Canara Bank,7.87,8.43,8.82
2007-02-01,HDFC Bank,5.12,5.7,6.37
2007-02-01,SBI,6.19,6.63,7.07
2007-02-01,ICICI Bank,4.26,4.57,4.84
2007-02-01,Axis Bank,8.33,8.9,9.29
2007-02-01,Kotak Mahindra Bank,4.11,5.02,5.66
2007-02-01,Punjab National Bank,7.91,8.77,9.49
2007-02-01,Canara Bank,5.42,6.17,6.63
2007-03-01,HDFC Bank,5.86,6.21,6.79
2007-03-01,SBI,5.36,6.27,7.04
2007-03-01,ICICI Bank,5.56,5.89,6.25
2007-03-01,Axis Bank,5.47,5.73,6.04
2007-03-01,Kotak Mahindra Bank,6.5,7.13,7.43
2007-03-01,Punjab National Bank,5.17,5.45,5.87
2007-03-01,Canara Bank,7.9,8.62,8.93
2007-04-01,HDFC Bank,7.13,7.94,8.66
2007-04-01,SBI,6.0,6.93,7.44
2007-04-01,ICICI Bank,6.09,6.56,7.19
2007-04-01,Axis Bank,7.5,7.83,8.07
2007-04-01,Kotak Mahindra Bank,4.58,4.9,5.67
2007-04-01,Punjab National Bank,5.55,6.49,6.83
2007-04-01,Canara Bank,5.24,5.92,6.37
2007-05-01,HDFC Bank,4.44,5.01,5.71
2007-05-01,SBI,4.82,5.82,6.33
2007-05-01,ICICI Bank,7.11,7.67,8.12
2007-05-01,Axis Bank,4.05,4.86,5.59
2007-05-01,Kotak Mahindra Bank,7.46,8.27,8.6
2007-05-01,Punjab National Bank,4.14,5.04,5.3
2007-05-01,Canara Bank,7.79,8.5,8.73
2007-06-01,HDFC Bank,8.28,8.93,9.71
2007-06-01,SBI,7.05,7.99,8.75
2007-06-01,ICICI Bank,8.31,9.05,9.5
2007-06-01,Axis Bank,7.19,7.73,8.3
2007-06-01,Kotak Mahindra Bank,7.49,8.0,8.7
2007-06-01,Punjab National Bank,7.48,8.44,8.9
2007-06-01,Canara Bank,6.37,7.32,7.58
2007-07-01,HDFC Bank,4.69,4.99,5.42
2007-07-01,SBI,5.42,6.05,6.75
2007-07-01,ICICI Bank,6.08,6.34,6.76
2007-07-01,Axis Bank,4.09,4.92,5.52
2007-07-01,Kotak Mahindra Bank,6.87,7.1,7.58
2007-07-01,Punjab National Bank,7.86,8.29,8.77
2007-07-01,Canara Bank,8.31,8.8,9.02
2007-08-01,HDFC Bank,5.16,5.85,6.06
2007-08-01,SBI,7.0,7.49,8.13
2007-08-01,ICICI Bank,5.83,6.6,7.06
2007-08-01,Axis Bank,5.34,5.68,5.98
2007-08-01,Kotak Mahindra Bank,4.18,5.07,5.39
2007-08-01,Punjab National Bank,6.42,7.17,7.71
2007-08-01,Canara Bank,4.92,5.15,5.75
2007-09-01,HDFC Bank,4.93,5.92,6.58
2007-09-01,SBI,4.06,5.0,5.69
2007-09-01,ICICI Bank,7.07,7.62,8.25
2007-09-01,Axis Bank,4.02,4.33,4.86
2007-09-01,Kotak Mahindra Bank,4.72,5.63,6.02
2007-09-01,Punjab National Bank,5.76,6.31,6.99
2007-09-01,Canara Bank,5.32,5.58,5.92
2007-10-01,HDFC Bank,4.46,5.14,5.55
2007-10-01,SBI,4.08,5.04,5.55
2007-10-01,ICICI Bank,7.7,8.42,8.74
2007-10-01,Axis Bank,5.78,6.18,6.55
2007-10-01,Kotak Mahindra Bank,6.2,7.09,7.61
2007-10-01,Punjab National Bank,5.1,5.97,6.47
2007-10-01,Canara Bank,5.99,6.56,6.83
2007-11-01,HDFC Bank,4.44,4.79,5.14
2007-11-01,SBI,7.17,8.02,8.64
2007-11-01,ICICI Bank,7.02,7.76,8.53
2007-11-01,Axis Bank,5.26,5.84,6.27
2007-11-01,Kotak Mahindra Bank,6.93,7.27,7.65
2007-11-01,Punjab National Bank,7.23,7.98,8.22
2007-11-01,Canara Bank,6.29,6.85,7.08
2007-12-01,HDFC Bank,4.33,5.16,5.91
2007-12-01,SBI,4.84,5.27,5.65
2007-12-01,ICICI Bank,7.17,7.98,8.66
2007-12-01,Axis Bank,8.34,8.71,9.03
2007-12-01,Kotak Mahindra Bank,7.4,8.2,8.5
2007-12-01,Punjab National Bank,4.12,4.79,5.29
2007-12-01,Canara Bank,8.23,8.5,8.85
2008-01-01,HDFC Bank,4.15,4.85,5.15
2008-01-01,SBI,6.62,7.09,7.38
2008-01-01,ICICI Bank,6.72,7.55,8.23
2008-01-01,Axis Bank,6.51,6.89,7.26
2008-01-01,Kotak Mahindra Bank,5.75,6.52,6.84
2008-01-01,Punjab National Bank,6.32,7.06,7.82
2008-01-01,Canara Bank,5.59,6.34,7.1
2008-02-01,HDFC Bank,7.48,7.94,8.27
2008-02-01,SBI,7.44,8.24,8.66
2008-02-01,ICICI Bank,5.03,5.51,6.25
2008-02-01,Axis Bank,7.15,7.72,8.48
2008-02-01,Kotak Mahindra Bank,5.08,5.82,6.14
2008-02-01,Punjab National Bank,6.84,7.2,7.8
2008-02-01,Canara Bank,8.45,8.78,9.3
2008-03-01,HDFC Bank,4.82,5.09,5.31
2008-03-01,SBI,5.64,6.27,6.61
2008-03-01,ICICI Bank,6.8,7.12,7.73
2008-03-01,Axis Bank,6.52,7.29,8.03
2008-03-01,Kotak Mahindra Bank,4.49,5.34,5.9
2008-03-01,Punjab National Bank,5.01,5.75,6.2
2008-03-01,Canara Bank,7.62,8.24,8.47
2008-04-01,HDFC Bank,4.16,4.95,5.27
2008-04-01,SBI,6.78,7.29,8.08
2008-04-01,ICICI Bank,6.67,7.08,7.71
2008-04-01,Axis Bank,6.86,7.76,8.13
2008-04-01,Kotak Mahindra Bank,4.2,4.75,5.34
2008-04-01,Punjab National Bank,5.89,6.84,7.6
2008-04-01,Canara Bank,7.18,7.55,7.76
2008-05-01,HDFC Bank,7.11,7.36,7.93
2008-05-01,SBI,4.57,5.25,5.77
2008-05-01,ICICI Bank,5.71,6.61,7.0
2008-05-01,Axis Bank,4.53,5.33,5.78
2008-05-01,Kotak Mahindra Bank,5.69,6.56,7.12
2008-05-01,Punjab National Bank,7.69,8.2,8.81
2008-05-01,Canara Bank,7.8,8.71,9.15
2008-06-01,HDFC Bank,7.8,8.33,8.9
2008-06-01,SBI,5.94,6.57,7.27
2008-06-01,ICICI Bank,7.18,7.43,7.87
2008-06-01,Axis Bank,8.23,8.73,8.98
2008-06-01,Kotak Mahindra Bank,6.26,6.78,7.02
2008-06-01,Punjab National Bank,7.65,8.59,9.37
2008-06-01,Canara Bank,7.55,8.21,8.79
2008-07-01,HDFC Bank,5.64,6.04,6.57
2008-07-01,SBI,6.48,6.7,7.44
2008-07-01,ICICI Bank,7.49,7.82,8.22
2008-07-01,Axis Bank,7.89,8.64,9.18
2008-07-01,Kotak Mahindra Bank,7.24,7.81,8.25
2008-07-01,Punjab National Bank,7.43,7.99,8.37
2008-07-01,Canara Bank,5.27,5.61,6.1
2008-08-01,HDFC Bank,7.67,8.65,9.06
2008-08-01,SBI,6.66,7.6,8.38
2008-08-01,ICICI Bank,5.86,6.54,7.34
2008-08-01,Axis Bank,4.45,5.42,6.1
2008-08-01,Kotak Mahindra Bank,4.93,5.41,5.92
2008-08-01,Punjab National Bank,4.74,5.17,5.64
2008-08-01,Canara Bank,6.67,7.3,8.04
2008-09-01,HDFC Bank,5.5,5.93,6.39
2008-09-01,SBI,7.77,8.08,8.5
2008-09-01,ICICI Bank,6.52,7.15,7.9
2008-09-01,Axis Bank,6.97,7.9,8.47
2008-09-01,Kotak Mahindra Bank,8.34,8.58,8.83
2008-09-01,Punjab National Bank,5.23,5.85,6.11
2008-09-01,Canara Bank,8.48,8.92,9.54
2008-10-01,HDFC Bank,4.1,4.94,5.15
2008-10-01,SBI,8.38,9.06,9.29
2008-10-01,ICICI Bank,5.0,5.3,5.58
2008-10-01,Axis Bank,6.36,7.05,7.33
2008-10-01,Kotak Mahindra Bank,7.03,7.48,8.16
2008-10-01,Punjab National Bank,7.31,8.18,8.56
2008-10-01,Canara Bank,5.9,6.22,6.8
2008-11-01,HDFC Bank,8.42,9.37,9.67
2008-11-01,SBI,5.37,6.24,6.86
2008-11-01,ICICI Bank,7.49,7.84,8.08
2008-11-01,Axis Bank,7.22,7.49,8.19
2008-11-01,Kotak Mahindra Bank,6.49,7.01,7.54
2008-11-01,Punjab National Bank,8.34,8.61,9.26
2008-11-01,Canara Bank,4.32,4.79,5.0
2008-12-01,HDFC Bank,7.08,7.75,7.99
2008-12-01,SBI,7.61,8.23,8.75
2008-12-01,ICICI Bank,5.0,5.9,6.59
2008-12-01,Axis Bank,6.18,6.86,7.5
2008-12-01,Kotak Mahindra Bank,7.16,7.64,8.02
2008-12-01,Punjab National Bank,7.77,8.75,9.1
2008-12-01,Canara Bank,7.89,8.75,9.15
2009-01-01,HDFC Bank,6.1,6.85,7.51
2009-01-01,SBI,5.97,6.39,6.93
2009-01-01,ICICI Bank,4.03,4.89,5.27
2009-01-01,Axis Bank,5.58,6.25,6.51
2009-01-01,Kotak Mahindra Bank,6.12,7.11,7.44
2009-01-01,Punjab National Bank,5.45,6.33,6.84
2009-01-01,Canara Bank,6.17,7.1,7.81
2009-02-01,HDFC Bank,7.63,8.1,8.43
2009-02-01,SBI,4.64,4.85,5.38
2009-02-01,ICICI Bank,5.58,6.1,6.37
2009-02-01,Axis Bank,6.31,6.86,7.21
2009-02-01,Kotak Mahindra Bank,5.64,6.39,6.89
2009-02-01,Punjab National Bank,4.34,4.78,5.39
2009-02-01,Canara Bank,4.59,5.48,5.74
2009-03-01,HDFC Bank,7.67,8.02,8.5
2009-03-01,SBI,5.91,6.19,6.99
2009-03-01,ICICI Bank,7.54,8.22,8.94
2009-03-01,Axis Bank,6.99,7.44,8.16
2009-03-01,Kotak Mahindra Bank,5.37,5.65,5.92
2009-03-01,Punjab National Bank,5.31,6.03,6.39
2009-03-01,Canara Bank,8.37,8.9,9.38
2009-04-01,HDFC Bank,4.75,4.99,5.2
2009-04-01,SBI,8.22,8.57,9.05
2009-04-01,ICICI Bank,7.73,8.15,8.85
2009-04-01,Axis Bank,6.46,7.41,7.82
2009-04-01,Kotak Mahindra Bank,4.13,4.62,4.91
2009-04-01,Punjab National Bank,6.31,6.93,7.4
2009-04-01,Canara Bank,8.29,8.53,9.26
2009-05-01,HDFC Bank,7.36,7.57,8.23
2009-05-01,SBI,4.37,4.95,5.63
2009-05-01,ICICI Bank,5.82,6.63,7.22
2009-05-01,Axis Bank,6.53,6.79,7.28
2009-05-01,Kotak Mahindra Bank,6.15,6.97,7.59
2009-05-01,Punjab National Bank,6.72,7.26,8.01
2009-05-01,Canara Bank,6.13,6.96,7.37
2009-06-01,HDFC Bank,5.59,6.51,7.07
2009-06-01,SBI,6.75,7.32,8.08
2009-06-01,ICICI Bank,7.6,8.59,9.07
2009-06-01,Axis Bank,6.18,6.67,7.23
2009-06-01,Kotak Mahindra Bank,6.07,6.67,7.07
2009-06-01,Punjab National Bank,7.35,8.31,8.69
2009-06-01,Canara Bank,4.42,5.28,6.05
2009-07-01,HDFC Bank,5.32,6.22,6.76
2009-07-01,SBI,4.71,5.36,5.75
2009-07-01,ICICI Bank,5.16,5.81,6.22
2009-07-01,Axis Bank,6.94,7.93,8.69
2009-07-01,Kotak Mahindra Bank,7.58,8.19,8.88
2009-07-01,Punjab National Bank,5.17,6.05,6.45
2009-07-01,Canara Bank,7.03,7.84,8.27
2009-08-01,HDFC Bank,6.47,7.21,8.0
2009-08-01,SBI,7.27,8.0,8.57
2009-08-01,ICICI Bank,4.87,5.83,6.32
2009-08-01,Axis Bank,4.47,5.1,5.7
2009-08-01,Kotak Mahindra Bank,7.89,8.33,8.57
2009-08-01,Punjab National Bank,7.71,8.44,9.19
2009-08-01,Canara Bank,5.06,5.62,6.28
2009-09-01,HDFC Bank,7.0,7.43,8.06
2009-09-01,SBI,5.14,5.52,6.13
2009-09-01,ICICI Bank,7.26,7.98,8.29
2009-09-01,Axis Bank,6.26,6.61,7.2
2009-09-01,Kotak Mahindra Bank,4.46,5.41,5.71
2009-09-01,Punjab National Bank,7.73,8.22,8.79
2009-09-01,Canara Bank,4.17,4.43,4.92
2009-10-01,HDFC Bank,6.29,6.85,7.06
2009-10-01,SBI,4.82,5.65,5.87
2009-10-01,ICICI Bank,6.98,7.61,8.38
2009-10-01,Axis Bank,6.53,7.21,7.71
2009-10-01,Kotak Mahindra Bank,4.02,4.7,5.23
2009-10-01,Punjab National Bank,7.23,8.01,8.3
2009-10-01,Canara Bank,4.82,5.66,6.38
2009-11-01,HDFC Bank,4.9,5.89,6.6
2009-11-01,SBI,6.68,6.94,7.15
2009-11-01,ICICI Bank,5.63,6.56,6.78
2009-11-01,Axis Bank,6.21,6.56,6.89
2009-11-01,Kotak Mahindra Bank,7.29,8.05,8.31
2009-11-01,Punjab National Bank,5.69,6.3,6.86
2009-11-01,Canara Bank,6.42,7.28,7.86
2009-12-01,HDFC Bank,7.26,8.18,8.91
2009-12-01,SBI,7.3,8.18,8.84
2009-12-01,ICICI Bank,6.05,6.44,6.91
2009-12-01,Axis Bank,4.51,5.06,5.3
2009-12-01,Kotak Mahindra Bank,6.75,7.56,8.06
2009-12-01,Punjab National Bank,4.79,5.27,5.73
2009-12-01,Canara Bank,6.12,6.51,7.19
2010-01-01,HDFC Bank,6.85,7.45,8.07
2010-01-01,SBI,8.37,8.88,9.45
2010-01-01,ICICI Bank,5.33,5.65,6.41
2010-01-01,Axis Bank,6.41,6.62,6.94
2010-01-01,Kotak Mahindra Bank,4.27,4.96,5.18
2010-01-01,Punjab National Bank,7.56,8.53,9.31
2010-01-01,Canara Bank,7.7,8.45,8.76
2010-02-01,HDFC Bank,8.14,9.1,9.31
2010-02-01,SBI,4.36,4.6,5.15
2010-02-01,ICICI Bank,6.8,7.17,7.89
2010-02-01,Axis Bank,7.12,7.86,8.21
2010-02-01,Kotak Mahindra Bank,7.79,8.57,8.81
2010-02-01,Punjab National Bank,5.81,6.37,6.82
2010-02-01,Canara Bank,4.54,5.2,5.99
2010-03-01,HDFC Bank,7.78,8.18,8.61
2010-03-01,SBI,5.53,6.21,6.49
2010-03-01,ICICI Bank,6.52,6.85,7.31
2010-03-01,Axis Bank,6.41,6.61,7.21
2010-03-01,Kotak Mahindra Bank,8.12,8.9,9.17
2010-03-01,Punjab National Bank,6.48,6.72,7.35
2010-03-01,Canara Bank,7.58,8.14,8.53
2010-04-01,HDFC Bank,5.88,6.72,7.2
2010-04-01,SBI,4.61,4.94,5.19
2010-04-01,ICICI Bank,7.46,8.34,8.73
2010-04-01,Axis Bank,4.99,5.81,6.07
2010-04-01,Kotak Mahindra Bank,5.47,5.88,6.48
2010-04-01,Punjab National Bank,7.49,8.12,8.78
2010-04-01,Canara Bank,5.8,6.25,6.7
2010-05-01,HDFC Bank,4.88,5.12,5.4
2010-05-01,SBI,4.68,5.1,5.5
2010-05-01,ICICI Bank,4.39,5.14,5.83
2010-05-01,Axis Bank,5.95,6.19,6.84
2010-05-01,Kotak Mahindra Bank,7.06,7.94,8.37
2010-05-01,Punjab National Bank,4.85,5.58,5.95
2010-05-01,Canara Bank,8.28,8.48,9.17
2010-06-01,HDFC Bank,8.32,8.69,8.91
2010-06-01,SBI,6.31,6.57,7.19
2010-06-01,ICICI Bank,6.35,6.6,7.16
2010-06-01,Axis Bank,7.01,7.48,8.23
2010-06-01,Kotak Mahindra Bank,5.15,6.02,6.3
2010-06-01,Punjab National Bank,8.38,8.96,9.72
2010-06-01,Canara Bank,5.43,5.81,6.48
2010-07-01,HDFC Bank,6.1,6.37,6.86
2010-07-01,SBI,5.3,5.86,6.1
2010-07-01,ICICI Bank,7.14,7.92,8.43
2010-07-01,Axis Bank,4.89,5.86,6.13
2010-07-01,Kotak Mahindra Bank,5.39,5.87,6.66
2010-07-01,Punjab National Bank,6.8,7.63,8.14
2010-07-01,Canara Bank,4.76,5.72,5.93
2010-08-01,HDFC Bank,7.45,8.43,9.16
2010-08-01,SBI,8.32,8.82,9.03
2010-08-01,ICICI Bank,8.21,8.59,9.05
2010-08-01,Axis Bank,6.61,7.25,7.64
2010-08-01,Kotak Mahindra Bank,4.62,5.44,5.82
2010-08-01,Punjab National Bank,7.64,8.33,8.89
2010-08-01,Canara Bank,5.95,6.31,6.69
2010-09-01,HDFC Bank,7.21,7.8,8.02
2010-09-01,SBI,4.77,5.55,5.81
2010-09-01,ICICI Bank,5.73,6.01,6.37
2010-09-01,Axis Bank,6.88,7.85,8.3
2010-09-01,Kotak Mahindra Bank,6.48,6.86,7.21
2010-09-01,Punjab National Bank,8.4,8.88,9.65
2010-09-01,Canara Bank,4.62,5.14,5.72
2010-10-01,HDFC Bank,6.9,7.31,7.96
2010-10-01,SBI,4.59,5.53,5.95
2010-10-01,ICICI Bank,5.61,5.91,6.48
2010-10-01,Axis Bank,6.59,7.13,7.4
2010-10-01,Kotak Mahindra Bank,5.9,6.22,6.76
2010-10-01,Punjab National Bank,8.41,8.88,9.42
2010-10-01,Canara Bank,6.26,7.1,7.44
2010-11-01,HDFC Bank,7.04,7.87,8.12
2010-11-01,SBI,5.86,6.07,6.7
2010-11-01,ICICI Bank,4.51,5.3,5.51
2010-11-01,Axis Bank,5.31,6.25,6.53
2010-11-01,Kotak Mahindra Bank,5.02,6.01,6.57
2010-11-01,Punjab National Bank,5.28,6.26,7.04
2010-11-01,Canara Bank,6.91,7.49,8.17
2010-12-01,HDFC Bank,4.73,4.97,5.46
2010-12-01,SBI,5.43,5.71,6.06
2010-12-01,ICICI Bank,4.69,5.19,5.73
2010-12-01,Axis Bank,7.47,7.99,8.37
2010-12-01,Kotak Mahindra Bank,6.31,6.93,7.56
2010-12-01,Punjab National Bank,4.99,5.54,5.86
2010-12-01,Canara Bank,7.65,7.98,8.52
2011-01-01,HDFC Bank,6.73,7.61,8.2
2011-01-01,SBI,8.01,8.41,8.83
2011-01-01,ICICI Bank,7.89,8.21,8.94
2011-01-01,Axis Bank,6.63,7.17,7.95
2011-01-01,Kotak Mahindra Bank,7.08,7.58,8.04
2011-01-01,Punjab National Bank,4.46,4.69,4.9
2011-01-01,Canara Bank,5.32,5.57,5.95
2011-02-01,HDFC Bank,6.89,7.86,8.6
2011-02-01,SBI,5.88,6.28,6.7
2011-02-01,ICICI Bank,7.24,8.1,8.65
2011-02-01,Axis Bank,6.95,7.56,8.27
2011-02-01,Kotak Mahindra Bank,7.11,7.46,8.22
2011-02-01,Punjab National Bank,4.25,4.57,4.91
2011-02-01,Canara Bank,6.24,7.13,7.33
2011-03-01,HDFC Bank,6.35,6.68,7.42
2011-03-01,SBI,8.38,9.28,10.05
2011-03-01,ICICI Bank,6.94,7.93,8.69
2011-03-01,Axis Bank,6.33,6.77,7.31
2011-03-01,Kotak Mahindra Bank,8.45,9.34,9.66
2011-03-01,Punjab National Bank,7.59,8.25,8.77
2011-03-01,Canara Bank,5.61,6.55,7.27
2011-04-01,HDFC Bank,4.62,4.95,5.47
2011-04-01,SBI,4.84,5.41,6.21
2011-04-01,ICICI Bank,5.08,5.98,6.75
2011-04-01,Axis Bank,7.8,8.12,8.84
2011-04-01,Kotak Mahindra Bank,4.57,4.86,5.26
2011-04-01,Punjab National Bank,8.2,8.76,9.31
2011-04-01,Canara Bank,8.12,9.08,9.45
2011-05-01,HDFC Bank,4.19,5.05,5.54
2011-05-01,SBI,5.3,6.17,6.53
2011-05-01,ICICI Bank,5.87,6.12,6.82
2011-05-01,Axis Bank,7.95,8.88,9.49
2011-05-01,Kotak Mahindra Bank,4.18,4.72,5.16
2011-05-01,Punjab National Bank,4.99,5.72,6.23
2011-05-01,Canara Bank,6.2,7.17,7.94
2011-06-01,HDFC Bank,7.1,7.46,8.12
2011-06-01,SBI,6.3,6.63,7.22
2011-06-01,ICICI Bank,4.52,5.33,5.76
2011-06-01,Axis Bank,6.08,7.01,7.68
2011-06-01,Kotak Mahindra Bank,7.65,8.28,8.92
2011-06-01,Punjab National Bank,7.91,8.13,8.41
2011-06-01,Canara Bank,4.27,5.23,5.78
2011-07-01,HDFC Bank,5.67,6.65,7.39
2011-07-01,SBI,7.04,7.29,7.51
2011-07-01,ICICI Bank,4.22,5.08,5.45
2011-07-01,Axis Bank,8.15,9.14,9.54
2011-07-01,Kotak Mahindra Bank,6.28,6.77,7.18
2011-07-01,Punjab National Bank,6.07,6.91,7.23
2011-07-01,Canara Bank,7.22,8.04,8.63
2011-08-01,HDFC Bank,7.86,8.46,9.07
2011-08-01,SBI,7.73,8.41,8.8
2011-08-01,ICICI Bank,7.39,8.23,8.79
2011-08-01,Axis Bank,6.01,6.32,6.75
2011-08-01,Kotak Mahindra Bank,5.45,6.11,6.31
2011-08-01,Punjab National Bank,5.93,6.28,6.59
2011-08-01,Canara Bank,5.99,6.56,6.87
2011-09-01,HDFC Bank,6.01,6.5,6.8
2011-09-01,SBI,6.82,7.38,7.85
2011-09-01,ICICI Bank,6.25,7.25,7.89
2011-09-01,Axis Bank,4.54,4.95,5.58
2011-09-01,Kotak Mahindra Bank,4.24,5.08,5.38
2011-09-01,Punjab National Bank,6.92,7.16,7.56
2011-09-01,Canara Bank,4.92,5.14,5.89
2011-10-01,HDFC Bank,6.88,7.34,7.74
2011-10-01,SBI,4.26,5.15,5.85
2011-10-01,ICICI Bank,4.58,5.18,5.74
2011-10-01,Axis Bank,6.23,6.66,7.41
2011-10-01,Kotak Mahindra Bank,7.04,7.29,7.66
2011-10-01,Punjab National Bank,8.46,8.99,9.73
2011-10-01,Canara Bank,6.52,7.36,7.87
2011-11-01,HDFC Bank,6.02,6.26,6.98
2011-11-01,SBI,5.0,5.78,6.47
2011-11-01,ICICI Bank,4.63,4.89,5.33
2011-11-01,Axis Bank,6.55,7.3,7.85
2011-11-01,Kotak Mahindra Bank,4.83,5.57,5.96
2011-11-01,Punjab National Bank,5.55,6.45,7.17
2011-11-01,Canara Bank,6.22,7.14,7.68
2011-12-01,HDFC Bank,5.68,6.6,6.89
2011-12-01,SBI,6.64,7.12,7.71
2011-12-01,ICICI Bank,7.02,7.43,7.99
2011-12-01,Axis Bank,8.04,8.27,8.7
2011-12-01,Kotak Mahindra Bank,6.49,6.87,7.2
2011-12-01,Punjab National Bank,8.43,8.95,9.73
2011-12-01,Canara Bank,5.12,6.0,6.76
2012-01-01,HDFC Bank,4.31,4.99,5.34
2012-01-01,SBI,7.96,8.17,8.78
2012-01-01,ICICI Bank,5.54,6.47,6.69
2012-01-01,Axis Bank,4.54,4.97,5.19
2012-01-01,Kotak Mahindra Bank,5.16,5.53,6.21
2012-01-01,Punjab National Bank,6.14,6.59,7.13
2012-01-01,Canara Bank,5.1,5.42,5.69
2012-02-01,HDFC Bank,6.12,6.43,6.93
2012-02-01,SBI,6.59,7.46,7.79
2012-02-01,ICICI Bank,6.36,7.2,7.85
2012-02-01,Axis Bank,7.42,8.35,8.63
2012-02-01,Kotak Mahindra Bank,4.28,4.77,5.23
2012-02-01,Punjab National Bank,7.18,7.65,8.0
2012-02-01,Canara Bank,7.17,7.5,8.28
2012-03-01,HDFC Bank,6.88,7.63,8.14
2012-03-01,SBI,8.48,9.4,9.95
2012-03-01,ICICI Bank,8.47,9.09,9.81
2012-03-01,Axis Bank,5.3,5.85,6.25
2012-03-01,Kotak Mahindra Bank,5.09,5.31,6.1
2012-03-01,Punjab National Bank,7.27,7.71,8.25
2012-03-01,Canara Bank,4.63,5.16,5.89
2012-04-01,HDFC Bank,7.67,8.09,8.62
2012-04-01,SBI,6.6,7.35,7.7
2012-04-01,ICICI Bank,5.78,6.27,6.71
2012-04-01,Axis Bank,6.58,7.54,8.28
2012-04-01,Kotak Mahindra Bank,4.35,5.21,5.66
2012-04-01,Punjab National Bank,7.17,7.47,7.97
2012-04-01,Canara Bank,5.53,5.93,6.56
2012-05-01,HDFC Bank,5.82,6.24,6.65
2012-05-01,SBI,5.6,6.0,6.78
2012-05-01,ICICI Bank,5.55,6.11,6.33
2012-05-01,Axis Bank,5.01,5.34,6.01
2012-05-01,Kotak Mahindra Bank,4.7,5.57,5.81
2012-05-01,Punjab National Bank,4.55,4.89,5.48
2012-05-01,Canara Bank,4.63,5.57,6.17
2012-06-01,HDFC Bank,8.17,8.7,9.15
2012-06-01,SBI,5.87,6.4,7.0
2012-06-01,ICICI Bank,4.85,5.85,6.51
2012-06-01,Axis Bank,7.19,7.57,8.24
2012-06-01,Kotak Mahindra Bank,5.19,5.88,6.62
2012-06-01,Punjab National Bank,7.24,8.03,8.49
2012-06-01,Canara Bank,6.62,7.18,7.79
2012-07-01,HDFC Bank,7.63,8.13,8.88
2012-07-01,SBI,7.79,8.44,9.12
2012-07-01,ICICI Bank,6.39,6.89,7.41
2012-07-01,Axis Bank,7.29,7.77,8.08
2012-07-01,Kotak Mahindra Bank,5.77,6.28,7.02
2012-07-01,Punjab National Bank,5.38,6.13,6.68
2012-07-01,Canara Bank,5.65,6.58,6.93
2012-08-01,HDFC Bank,5.82,6.19,6.91
2012-08-01,SBI,4.45,4.72,5.18
2012-08-01,ICICI Bank,6.65,7.36,8.13
2012-08-01,Axis Bank,4.16,4.61,5.2
2012-08-01,Kotak Mahindra Bank,4.28,5.09,5.45
2012-08-01,Punjab National Bank,4.44,4.74,5.22
2012-08-01,Canara Bank,5.59,6.22,6.44
2012-09-01,HDFC Bank,6.04,6.56,7.01
2012-09-01,SBI,8.37,9.33,9.59
2012-09-01,ICICI Bank,7.0,7.28,7.5
2012-09-01,Axis Bank,5.83,6.4,7.0
2012-09-01,Kotak Mahindra Bank,5.04,5.65,5.95
2012-09-01,Punjab National Bank,6.92,7.24,7.59
2012-09-01,Canara Bank,5.21,5.42,6.08
2012-10-01,HDFC Bank,5.97,6.81,7.42
2012-10-01,SBI,7.61,8.35,8.69
2012-10-01,ICICI Bank,6.94,7.84,8.23
2012-10-01,Axis Bank,6.78,7.21,7.97
2012-10-01,Kotak Mahindra Bank,5.03,5.54,6.19
2012-10-01,Punjab National Bank,5.5,5.9,6.65
2012-10-01,Canara Bank,7.03,7.74,8.27
2012-11-01,HDFC Bank,8.28,9.23,9.89
2012-11-01,SBI,5.79,6.21,6.82
2012-11-01,ICICI Bank,8.45,9.09,9.44
2012-11-01,Axis Bank,5.15,5.78,6.55
2012-11-01,Kotak Mahindra Bank,5.25,6.02,6.68
2012-11-01,Punjab National Bank,4.87,5.08,5.8
2012-11-01,Canara Bank,8.06,8.42,9.11
2012-12-01,HDFC Bank,8.26,9.12,9.82
2012-12-01,SBI,4.93,5.23,5.51
2012-12-01,ICICI Bank,4.59,5.48,6.26
2012-12-01,Axis Bank,7.58,7.88,8.65
2012-12-01,Kotak Mahindra Bank,5.01,5.79,6.56
2012-12-01,Punjab National Bank,4.96,5.49,5.98
2012-12-01,Canara Bank,7.77,8.48,8.81
2013-01-01,HDFC Bank,7.81,8.45,8.74
2013-01-01,SBI,7.49,7.77,8.26
2013-01-01,ICICI Bank,7.64,8.23,8.73
2013-01-01,Axis Bank,4.87,5.24,5.5
2013-01-01,Kotak Mahindra Bank,8.26,8.7,9.06
2013-01-01,Punjab National Bank,5.7,6.65,7.09
2013-01-01,Canara Bank,8.06,8.71,9.02
2013-02-01,HDFC Bank,6.15,6.99,7.4
2013-02-01,SBI,5.74,6.4,6.93
2013-02-01,ICICI Bank,4.53,4.82,5.18
2013-02-01,Axis Bank,5.67,6.54,6.76
2013-02-01,Kotak Mahindra Bank,6.83,7.21,7.74
2013-02-01,Punjab National Bank,8.03,8.6,8.88
2013-02-01,Canara Bank,8.05,8.5,8.82
2013-03-01,HDFC Bank,6.54,7.31,7.64
2013-03-01,SBI,8.05,8.68,8.92
2013-03-01,ICICI Bank,5.57,6.25,6.5
2013-03-01,Axis Bank,7.68,8.67,8.95
2013-03-01,Kotak Mahindra Bank,4.07,5.06,5.37
2013-03-01,Punjab National Bank,4.1,5.01,5.65
2013-03-01,Canara Bank,5.79,6.05,6.32
2013-04-01,HDFC Bank,4.22,4.94,5.72
2013-04-01,SBI,4.82,5.69,5.89
2013-04-01,ICICI Bank,7.05,8.01,8.29
2013-04-01,Axis Bank,4.72,5.31,5.52
2013-04-01,Kotak Mahindra Bank,7.7,8.4,8.66
2013-04-01,Punjab National Bank,5.04,5.42,6.03
2013-04-01,Canara Bank,7.75,8.65,9.37
2013-05-01,HDFC Bank,6.56,7.07,7.82
2013-05-01,SBI,6.39,6.75,7.45
2013-05-01,ICICI Bank,5.08,5.64,5.95
2013-05-01,Axis Bank,4.21,4.87,5.08
2013-05-01,Kotak Mahindra Bank,4.55,5.28,5.71
2013-05-01,Punjab National Bank,7.77,8.34,8.89
2013-05-01,Canara Bank,4.62,4.83,5.22
2013-06-01,HDFC Bank,7.12,7.71,8.5
2013-06-01,SBI,5.53,5.78,6.04
2013-06-01,ICICI Bank,7.96,8.73,9.47
2013-06-01,Axis Bank,7.97,8.54,9.33
2013-06-01,Kotak Mahindra Bank,7.3,7.8,8.05
2013-06-01,Punjab National Bank,5.73,6.34,6.93
2013-06-01,Canara Bank,8.4,9.23,9.7
2013-07-01,HDFC Bank,8.28,9.05,9.68
2013-07-01,SBI,7.19,8.0,8.79
2013-07-01,ICICI Bank,6.16,6.73,7.26
2013-07-01,Axis Bank,5.42,5.63,6.19
2013-07-01,Kotak Mahindra Bank,7.14,7.79,8.35
2013-07-01,Punjab National Bank,4.15,4.62,5.16
2013-07-01,Canara Bank,7.76,8.54,8.77
2013-08-01,HDFC Bank,4.61,5.31,5.82
2013-08-01,SBI,4.7,5.11,5.48
2013-08-01,ICICI Bank,7.3,8.25,8.54
2013-08-01,Axis Bank,7.54,7.89,8.34
2013-08-01,Kotak Mahindra Bank,7.7,8.28,8.49
2013-08-01,Punjab National Bank,6.16,6.72,7.23
2013-08-01,Canara Bank,5.27,5.85,6.33
2013-09-01,HDFC Bank,4.49,5.1,5.78
2013-09-01,SBI,4.92,5.57,6.0
2013-09-01,ICICI Bank,7.31,7.56,8.29
2013-09-01,Axis Bank,8.27,8.66,8.98
2013-09-01,Kotak Mahindra Bank,5.94,6.15,6.41
2013-09-01,Punjab National Bank,6.53,6.9,7.25
2013-09-01,Canara Bank,7.57,7.97,8.31
2013-10-01,HDFC Bank,5.58,6.18,6.94
2013-10-01,SBI,7.94,8.45,9.05
2013-10-01,ICICI Bank,5.36,5.82,6.27
2013-10-01,Axis Bank,4.73,5.08,5.87
2013-10-01,Kotak Mahindra Bank,7.61,8.41,8.69
2013-10-01,Punjab National Bank,4.91,5.5,6.13
2013-10-01,Canara Bank,4.83,5.55,5.76
2013-11-01,HDFC Bank,4.33,5.05,5.37
2013-11-01,SBI,5.27,5.91,6.4
2013-11-01,ICICI Bank,4.1,4.95,5.45
2013-11-01,Axis Bank,8.18,8.81,9.17
2013-11-01,Kotak Mahindra Bank,7.61,8.01,8.75
2013-11-01,Punjab National Bank,6.64,7.58,7.95
2013-11-01,Canara Bank,5.46,5.96,6.2
2013-12-01,HDFC Bank,7.39,7.59,8.35
2013-12-01,SBI,5.58,6.34,6.7
2013-12-01,ICICI Bank,6.06,6.69,7.09
2013-12-01,Axis Bank,6.49,6.8,7.15
2013-12-01,Kotak Mahindra Bank,7.05,7.63,8.39
2013-12-01,Punjab National Bank,5.96,6.2,6.68
2013-12-01,Canara Bank,7.99,8.63,9.43
2014-01-01,HDFC Bank,7.0,7.6,7.94
2014-01-01,SBI,5.95,6.58,7.27
2014-01-01,ICICI Bank,5.42,6.19,6.44
2014-01-01,Axis Bank,8.09,8.95,9.7
2014-01-01,Kotak Mahindra Bank,4.58,4.78,5.05
2014-01-01,Punjab National Bank,5.54,6.51,7.2
2014-01-01,Canara Bank,5.87,6.69,7.09
2014-02-01,HDFC Bank,6.4,6.79,7.36
2014-02-01,SBI,5.83,6.79,7.12
2014-02-01,ICICI Bank,8.19,8.99,9.47
2014-02-01,Axis Bank,8.12,8.36,8.65
2014-02-01,Kotak Mahindra Bank,7.78,8.59,9.11
2014-02-01,Punjab National Bank,8.09,8.99,9.27
2014-02-01,Canara Bank,7.39,8.35,8.58
2014-03-01,HDFC Bank,7.22,7.69,7.89
2014-03-01,SBI,7.58,7.86,8.22
2014-03-01,ICICI Bank,7.32,7.61,7.96
2014-03-01,Axis Bank,6.84,7.82,8.22
2014-03-01,Kotak Mahindra Bank,7.11,7.72,8.19
2014-03-01,Punjab National Bank,6.07,7.06,7.51
2014-03-01,Canara Bank,5.4,5.91,6.65
2014-04-01,HDFC Bank,5.25,5.7,6.23
2014-04-01,SBI,6.9,7.38,7.62
2014-04-01,ICICI Bank,5.08,5.6,6.14
2014-04-01,Axis Bank,6.14,6.68,7.08
2014-04-01,Kotak Mahindra Bank,7.2,8.18,8.95
2014-04-01,Punjab National Bank,5.09,5.55,5.88
2014-04-01,Canara Bank,5.05,5.45,6.0
2014-05-01,HDFC Bank,6.62,7.04,7.81
2014-05-01,SBI,7.22,7.83,8.37
2014-05-01,ICICI Bank,7.87,8.46,8.73
2014-05-01,Axis Bank,6.01,6.29,6.74
2014-05-01,Kotak Mahindra Bank,4.55,5.0,5.41
2014-05-01,Punjab National Bank,6.31,7.3,7.68
2014-05-01,Canara Bank,5.44,5.78,6.23
2014-06-01,HDFC Bank,4.85,5.49,5.72
2014-06-01,SBI,4.55,4.97,5.75
2014-06-01,ICICI Bank,6.75,7.0,7.58
2014-06-01,Axis Bank,4.05,4.42,4.82
2014-06-01,Kotak Mahindra Bank,6.97,7.28,7.75
2014-06-01,Punjab National Bank,5.52,6.17,6.4
2014-06-01,Canara Bank,7.04,7.93,8.62
2014-07-01,HDFC Bank,8.07,8.37,8.84
2014-07-01,SBI,6.15,6.38,6.99
2014-07-01,ICICI Bank,7.96,8.56,9.13
2014-07-01,Axis Bank,5.75,6.34,6.67
2014-07-01,Kotak Mahindra Bank,5.09,5.64,6.21
2014-07-01,Punjab National Bank,6.25,6.68,7.01
2014-07-01,Canara Bank,6.3,7.19,7.82
2014-08-01,HDFC Bank,5.14,5.88,6.08
2014-08-01,SBI,5.81,6.22,6.93
2014-08-01,ICICI Bank,5.3,6.04,6.41
2014-08-01,Axis Bank,7.06,7.62,7.97
2014-08-01,Kotak Mahindra Bank,5.58,6.48,6.86
2014-08-01,Punjab National Bank,4.04,4.39,5.15
2014-08-01,Canara Bank,6.26,6.98,7.63
2014-09-01,HDFC Bank,5.49,6.21,6.86
2014-09-01,SBI,6.58,6.84,7.24
2014-09-01,ICICI Bank,8.08,8.44,9.1
2014-09-01,Axis Bank,7.36,7.85,8.3
2014-09-01,Kotak Mahindra Bank,7.28,8.08,8.42
2014-09-01,Punjab National Bank,6.01,6.29,6.9
2014-09-01,Canara Bank,7.21,7.76,8.35
2014-10-01,HDFC Bank,6.47,7.24,7.87
2014-10-01,SBI,7.64,8.35,8.87
2014-10-01,ICICI Bank,6.86,7.48,8.21
2014-10-01,Axis Bank,6.12,6.64,7.31
2014-10-01,Kotak Mahindra Bank,6.16,6.43,6.94
2014-10-01,Punjab National Bank,5.06,5.92,6.13
2014-10-01,Canara Bank,5.05,5.49,6.27
2014-11-01,HDFC Bank,5.83,6.14,6.71
2014-11-01,SBI,6.24,6.98,7.55
2014-11-01,ICICI Bank,7.93,8.58,9.26
2014-11-01,Axis Bank,7.12,7.4,7.67
2014-11-01,Kotak Mahindra Bank,7.16,7.56,7.83
2014-11-01,Punjab National Bank,7.89,8.69,9.09
2014-11-01,Canara Bank,8.07,8.69,9.02
2014-12-01,HDFC Bank,4.58,5.09,5.8
2014-12-01,SBI,6.95,7.39,7.62
2014-12-01,ICICI Bank,5.77,6.69,7.19
2014-12-01,Axis Bank,4.06,4.81,5.47
2014-12-01,Kotak Mahindra Bank,4.72,5.26,5.85
2014-12-01,Punjab National Bank,5.5,6.02,6.37
2014-12-01,Canara Bank,4.57,5.24,5.68
2015-01-01,HDFC Bank,7.53,8.09,8.85
2015-01-01,SBI,4.25,5.09,5.68
2015-01-01,ICICI Bank,4.97,5.49,5.84
2015-01-01,Axis Bank,4.03,4.61,4.95
2015-01-01,Kotak Mahindra Bank,5.7,6.17,6.63
2015-01-01,Punjab National Bank,8.2,8.84,9.24
2015-01-01,Canara Bank,8.33,8.65,8.91
2015-02-01,HDFC Bank,8.14,8.85,9.14
2015-02-01,SBI,7.47,8.28,8.91
2015-02-01,ICICI Bank,5.11,5.47,6.02
2015-02-01,Axis Bank,6.88,7.72,8.48
2015-02-01,Kotak Mahindra Bank,4.82,5.37,5.74
2015-02-01,Punjab National Bank,6.62,6.9,7.67
2015-02-01,Canara Bank,4.83,5.28,5.75
2015-03-01,HDFC Bank,8.49,9.22,9.53
2015-03-01,SBI,8.16,8.95,9.6
2015-03-01,ICICI Bank,7.88,8.26,8.92
2015-03-01,Axis Bank,6.94,7.43,7.78
2015-03-01,Kotak Mahindra Bank,6.53,7.31,8.03
2015-03-01,Punjab National Bank,5.8,6.56,6.81
2015-03-01,Canara Bank,4.22,4.52,4.76
2015-04-01,HDFC Bank,5.15,5.85,6.56
2015-04-01,SBI,4.54,5.28,6.0
2015-04-01,ICICI Bank,4.15,4.57,5.26
2015-04-01,Axis Bank,6.75,7.28,7.81
2015-04-01,Kotak Mahindra Bank,4.28,4.64,5.09
2015-04-01,Punjab National Bank,5.9,6.84,7.25
2015-04-01,Canara Bank,7.49,8.01,8.49
2015-05-01,HDFC Bank,7.81,8.54,9.19
2015-05-01,SBI,4.69,5.18,5.65
2015-05-01,ICICI Bank,7.31,7.66,8.36
2015-05-01,Axis Bank,4.56,5.35,5.64
2015-05-01,Kotak Mahindra Bank,5.95,6.59,7.34
2015-05-01,Punjab National Bank,6.51,6.88,7.13
2015-05-01,Canara Bank,6.23,6.62,6.86
2015-06-01,HDFC Bank,5.72,6.0,6.25
2015-06-01,SBI,6.45,7.25,7.95
2015-06-01,ICICI Bank,8.01,8.85,9.27
2015-06-01,Axis Bank,6.36,7.01,7.54
2015-06-01,Kotak Mahindra Bank,7.77,7.99,8.2
2015-06-01,Punjab National Bank,6.16,6.47,6.82
2015-06-01,Canara Bank,4.73,4.94,5.17
2015-07-01,HDFC Bank,8.07,8.89,9.34
2015-07-01,SBI,5.38,5.63,5.94
2015-07-01,ICICI Bank,6.33,6.53,7.18
2015-07-01,Axis Bank,4.88,5.67,6.09
2015-07-01,Kotak Mahindra Bank,7.26,7.93,8.39
2015-07-01,Punjab National Bank,7.2,8.12,8.56
2015-07-01,Canara Bank,6.25,6.86,7.26
2015-08-01,HDFC Bank,5.13,5.34,5.92
2015-08-01,SBI,7.73,8.48,9.07
2015-08-01,ICICI Bank,7.24,7.56,7.79
2015-08-01,Axis Bank,4.72,5.1,5.53
2015-08-01,Kotak Mahindra Bank,5.22,5.55,5.99
2015-08-01,Punjab National Bank,5.24,5.8,6.12
2015-08-01,Canara Bank,5.79,6.32,7.02
2015-09-01,HDFC Bank,7.76,8.29,8.76
2015-09-01,SBI,7.63,8.1,8.53
2015-09-01,ICICI Bank,4.97,5.36,5.69
2015-09-01,Axis Bank,7.89,8.1,8.56
2015-09-01,Kotak Mahindra Bank,5.6,6.51,7.1
2015-09-01,Punjab National Bank,4.73,5.24,5.61
2015-09-01,Canara Bank,5.35,6.24,6.93
2015-10-01,HDFC Bank,5.87,6.53,6.81
2015-10-01,SBI,7.27,7.66,7.94
2015-10-01,ICICI Bank,4.28,4.69,5.06
2015-10-01,Axis Bank,5.38,6.17,6.58
2015-10-01,Kotak Mahindra Bank,6.54,7.36,8.1
2015-10-01,Punjab National Bank,6.45,6.66,7.41
2015-10-01,Canara Bank,7.74,8.54,8.95
2015-11-01,HDFC Bank,8.25,9.11,9.83
2015-11-01,SBI,6.85,7.59,8.05
2015-11-01,ICICI Bank,5.92,6.59,7.31
2015-11-01,Axis Bank,7.4,7.68,8.23
2015-11-01,Kotak Mahindra Bank,6.61,7.48,8.15
2015-11-01,Punjab National Bank,7.27,8.05,8.59
2015-11-01,Canara Bank,6.37,7.12,7.34
2015-12-01,HDFC Bank,4.79,5.36,5.86
2015-12-01,SBI,7.48,8.04,8.61
2015-12-01,ICICI Bank,6.44,7.0,7.54
2015-12-01,Axis Bank,5.55,5.91,6.64
2015-12-01,Kotak Mahindra Bank,6.47,6.85,7.15
2015-12-01,Punjab National Bank,5.57,6.57,7.06
2015-12-01,Canara Bank,6.87,7.38,7.96
2016-01-01,HDFC Bank,6.58,7.4,7.61
2016-01-01,SBI,4.27,5.21,5.67
2016-01-01,ICICI Bank,4.8,5.75,6.51
2016-01-01,Axis Bank,6.25,6.79,7.4
2016-01-01,Kotak Mahindra Bank,5.84,6.05,6.32
2016-01-01,Punjab National Bank,8.5,9.26,9.72
2016-01-01,Canara Bank,7.59,8.36,8.99
2016-02-01,HDFC Bank,8.48,9.07,9.35
2016-02-01,SBI,5.85,6.8,7.45
2016-02-01,ICICI Bank,4.4,4.61,5.33
2016-02-01,Axis Bank,5.13,5.78,6.35
2016-02-01,Kotak Mahindra Bank,5.15,5.89,6.12
2016-02-01,Punjab National Bank,4.72,5.27,5.55
2016-02-01,Canara Bank,4.4,5.13,5.61
2016-03-01,HDFC Bank,7.52,8.48,8.75
2016-03-01,SBI,6.96,7.82,8.23
2016-03-01,ICICI Bank,5.97,6.64,6.88
2016-03-01,Axis Bank,5.66,6.02,6.3
2016-03-01,Kotak Mahindra Bank,4.94,5.93,6.2
2016-03-01,Punjab National Bank,4.54,4.97,5.59
2016-03-01,Canara Bank,7.78,8.71,9.04
2016-04-01,HDFC Bank,7.99,8.81,9.12
2016-04-01,SBI,7.21,8.11,8.67
2016-04-01,ICICI Bank,5.5,6.15,6.5
2016-04-01,Axis Bank,5.19,5.89,6.36
2016-04-01,Kotak Mahindra Bank,5.3,5.81,6.09
2016-04-01,Punjab National Bank,5.53,5.78,6.48
2016-04-01,Canara Bank,6.98,7.54,7.99
2016-05-01,HDFC Bank,4.52,5.2,5.96
2016-05-01,SBI,5.56,6.35,6.91
2016-05-01,ICICI Bank,7.38,7.91,8.58
2016-05-01,Axis Bank,6.58,7.56,7.96
2016-05-01,Kotak Mahindra Bank,5.36,5.94,6.34
2016-05-01,Punjab National Bank,8.44,8.88,9.68
2016-05-01,Canara Bank,4.4,4.96,5.7
2016-06-01,HDFC Bank,5.13,5.59,6.23
2016-06-01,SBI,7.25,8.17,8.56
2016-06-01,ICICI Bank,7.69,8.44,8.72
2016-06-01,Axis Bank,7.89,8.17,8.56
2016-06-01,Kotak Mahindra Bank,4.47,5.08,5.78
2016-06-01,Punjab National Bank,4.81,5.11,5.84
2016-06-01,Canara Bank,7.83,8.78,9.3
2016-07-01,HDFC Bank,6.51,7.0,7.44
2016-07-01,SBI,4.98,5.41,6.17
2016-07-01,ICICI Bank,5.87,6.65,7.02
2016-07-01,Axis Bank,5.7,6.07,6.64
2016-07-01,Kotak Mahindra Bank,4.68,4.91,5.19
2016-07-01,Punjab National Bank,7.99,8.67,9.01
2016-07-01,Canara Bank,4.52,5.13,5.79
2016-08-01,HDFC Bank,7.99,8.45,8.93
2016-08-01,SBI,5.77,6.06,6.83
2016-08-01,ICICI Bank,6.18,6.63,7.12
2016-08-01,Axis Bank,7.62,8.48,9.09
2016-08-01,Kotak Mahindra Bank,8.05,8.25,8.49
2016-08-01,Punjab National Bank,8.14,8.96,9.35
2016-08-01,Canara Bank,7.57,7.81,8.14
2016-09-01,HDFC Bank,4.74,5.09,5.41
2016-09-01,SBI,4.84,5.76,6.01
2016-09-01,ICICI Bank,7.2,7.67,8.06
2016-09-01,Axis Bank,5.69,6.49,6.71
2016-09-01,Kotak Mahindra Bank,6.3,7.03,7.3
2016-09-01,Punjab National Bank,5.48,5.96,6.36
2016-09-01,Canara Bank,8.18,8.85,9.45
2016-10-01,HDFC Bank,8.24,8.8,9.03
2016-10-01,SBI,6.95,7.55,8.29
2016-10-01,ICICI Bank,5.69,6.68,6.96
2016-10-01,Axis Bank,7.72,8.11,8.78
2016-10-01,Kotak Mahindra Bank,4.7,5.36,5.62
2016-10-01,Punjab National Bank,4.98,5.32,5.69
2016-10-01,Canara Bank,5.48,6.09,6.82
2016-11-01,HDFC Bank,4.81,5.3,5.96
2016-11-01,SBI,7.39,8.15,8.66
2016-11-01,ICICI Bank,6.17,6.45,6.8
2016-11-01,Axis Bank,7.97,8.56,9.34
2016-11-01,Kotak Mahindra Bank,4.62,5.26,5.61
2016-11-01,Punjab National Bank,5.89,6.51,7.25
2016-11-01,Canara Bank,4.51,5.47,5.9
2016-12-01,HDFC Bank,4.55,5.03,5.74
2016-12-01,SBI,4.54,5.28,6.01
2016-12-01,ICICI Bank,6.33,7.24,7.59
2016-12-01,Axis Bank,8.0,8.22,8.82
2016-12-01,Kotak Mahindra Bank,6.04,6.37,7.11
2016-12-01,Punjab National Bank,5.29,6.23,6.9
2016-12-01,Canara Bank,4.12,5.03,5.54
2017-01-01,HDFC Bank,6.02,6.46,6.78
2017-01-01,SBI,6.91,7.47,8.24
2017-01-01,ICICI Bank,6.55,7.3,7.66
2017-01-01,Axis Bank,5.83,6.62,7.39
2017-01-01,Kotak Mahindra Bank,6.32,7.19,7.74
2017-01-01,Punjab National Bank,8.25,8.87,9.08
2017-01-01,Canara Bank,7.72,8.6,8.99
2017-02-01,HDFC Bank,7.74,8.1,8.56
2017-02-01,SBI,8.01,8.42,9.0
2017-02-01,ICICI Bank,4.32,4.74,5.51
2017-02-01,Axis Bank,4.72,4.93,5.52
2017-02-01,Kotak Mahindra Bank,6.78,7.02,7.76
2017-02-01,Punjab National Bank,7.28,7.66,8.46
2017-02-01,Canara Bank,6.78,7.13,7.9
2017-03-01,HDFC Bank,4.54,4.91,5.66
2017-03-01,SBI,4.78,5.05,5.54
2017-03-01,ICICI Bank,5.23,5.82,6.53
2017-03-01,Axis Bank,7.24,7.66,8.23
2017-03-01,Kotak Mahindra Bank,8.01,8.5,9.13
2017-03-01,Punjab National Bank,6.54,6.79,7.1
2017-03-01,Canara Bank,8.14,8.68,9.24
2017-04-01,HDFC Bank,7.26,7.51,7.87
2017-04-01,SBI,4.18,5.02,5.28
2017-04-01,ICICI Bank,6.01,6.96,7.27
2017-04-01,Axis Bank,8.36,9.15,9.41
2017-04-01,Kotak Mahindra Bank,7.62,7.98,8.19
2017-04-01,Punjab National Bank,6.07,6.7,7.45
2017-04-01,Canara Bank,4.68,5.67,6.11
2017-05-01,HDFC Bank,5.47,5.98,6.55
2017-05-01,SBI,8.21,8.54,8.83
2017-05-01,ICICI Bank,4.74,5.54,5.87
2017-05-01,Axis Bank,4.08,4.64,5.07
2017-05-01,Kotak Mahindra Bank,5.34,6.17,6.61
2017-05-01,Punjab National Bank,4.75,5.62,5.83
2017-05-01,Canara Bank,4.49,4.98,5.68
2017-06-01,HDFC Bank,6.66,6.9,7.26
2017-06-01,SBI,7.97,8.41,8.8
2017-06-01,ICICI Bank,6.4,6.71,7.28
2017-06-01,Axis Bank,4.66,5.1,5.66
2017-06-01,Kotak Mahindra Bank,5.37,6.04,6.56
2017-06-01,Punjab National Bank,8.07,8.5,9.21
2017-06-01,Canara Bank,8.28,8.77,8.98
2017-07-01,HDFC Bank,7.05,7.66,8.0
2017-07-01,SBI,5.72,6.18,6.75
2017-07-01,ICICI Bank,5.97,6.68,7.37
2017-07-01,Axis Bank,8.06,8.87,9.49
2017-07-01,Kotak Mahindra Bank,4.17,4.83,5.37
2017-07-01,Punjab National Bank,4.33,4.94,5.29
2017-07-01,Canara Bank,7.49,8.26,8.81
2017-08-01,HDFC Bank,7.64,7.97,8.7
2017-08-01,SBI,4.57,5.06,5.81
2017-08-01,ICICI Bank,7.95,8.5,9.29
2017-08-01,Axis Bank,4.95,5.66,6.3
2017-08-01,Kotak Mahindra Bank,5.24,5.74,6.25
2017-08-01,Punjab National Bank,5.11,5.56,6.32
2017-08-01,Canara Bank,4.48,5.38,5.86
2017-09-01,HDFC Bank,4.22,4.7,5.09
2017-09-01,SBI,8.41,8.65,9.12
2017-09-01,ICICI Bank,5.48,6.44,7.03
2017-09-01,Axis Bank,4.68,4.88,5.25
2017-09-01,Kotak Mahindra Bank,7.76,8.29,8.84
2017-09-01,Punjab National Bank,5.68,6.12,6.86
2017-09-01,Canara Bank,7.98,8.35,8.74
2017-10-01,HDFC Bank,4.97,5.86,6.17
2017-10-01,SBI,5.87,6.42,6.84
2017-10-01,ICICI Bank,7.11,7.81,8.25
2017-10-01,Axis Bank,7.66,8.21,8.68
2017-10-01,Kotak Mahindra Bank,4.87,5.35,5.91
2017-10-01,Punjab National Bank,8.03,8.6,8.95
2017-10-01,Canara Bank,4.14,5.07,5.85
2017-11-01,HDFC Bank,6.1,6.9,7.44
2017-11-01,SBI,6.99,7.82,8.35
2017-11-01,ICICI Bank,5.38,5.75,6.11
2017-11-01,Axis Bank,7.45,8.03,8.4
2017-11-01,Kotak Mahindra Bank,5.79,6.26,7.04
2017-11-01,Punjab National Bank,8.06,8.39,8.92
2017-11-01,Canara Bank,4.56,4.85,5.42
2017-12-01,HDFC Bank,7.51,7.93,8.68
2017-12-01,SBI,4.69,5.32,5.62
2017-12-01,ICICI Bank,6.82,7.23,8.03
2017-12-01,Axis Bank,4.2,4.5,4.72
2017-12-01,Kotak Mahindra Bank,5.12,5.68,6.12
2017-12-01,Punjab National Bank,4.19,4.77,5.15
2017-12-01,Canara Bank,4.9,5.67,6.34
2018-01-01,HDFC Bank,8.14,8.63,9.0
2018-01-01,SBI,5.35,5.67,6.21
2018-01-01,ICICI Bank,8.25,9.17,9.49
2018-01-01,Axis Bank,8.29,8.63,9.26
2018-01-01,Kotak Mahindra Bank,7.78,8.08,8.69
2018-01-01,Punjab National Bank,7.47,8.38,9.14
2018-01-01,Canara Bank,8.25,9.04,9.78
2018-02-01,HDFC Bank,6.43,6.99,7.62
2018-02-01,SBI,8.1,8.62,9.42
2018-02-01,ICICI Bank,4.17,5.0,5.22
2018-02-01,Axis Bank,4.62,5.41,6.08
2018-02-01,Kotak Mahindra Bank,4.19,4.71,5.33
2018-02-01,Punjab National Bank,4.63,5.11,5.32
2018-02-01,Canara Bank,7.74,8.72,9.4
2018-03-01,HDFC Bank,8.0,8.27,8.48
2018-03-01,SBI,4.22,4.87,5.11
2018-03-01,ICICI Bank,5.2,5.44,6.07
2018-03-01,Axis Bank,7.14,7.89,8.34
2018-03-01,Kotak Mahindra Bank,7.21,7.97,8.28
2018-03-01,Punjab National Bank,4.54,4.79,5.05
2018-03-01,Canara Bank,5.83,6.31,6.57
2018-04-01,HDFC Bank,7.89,8.31,8.77
2018-04-01,SBI,6.2,6.77,7.48
2018-04-01,ICICI Bank,7.64,8.15,8.9
2018-04-01,Axis Bank,8.28,8.77,9.16
2018-04-01,Kotak Mahindra Bank,7.95,8.58,9.32
2018-04-01,Punjab National Bank,6.98,7.23,7.96
2018-04-01,Canara Bank,6.6,7.55,8.26
2018-05-01,HDFC Bank,6.64,7.59,7.94
2018-05-01,SBI,7.41,7.97,8.44
2018-05-01,ICICI Bank,7.3,8.3,8.86
2018-05-01,Axis Bank,7.54,7.93,8.22
2018-05-01,Kotak Mahindra Bank,4.79,5.43,6.07
2018-05-01,Punjab National Bank,6.18,6.61,7.27
2018-05-01,Canara Bank,6.52,7.17,7.69
2018-06-01,HDFC Bank,6.74,6.99,7.23
2018-06-01,SBI,6.27,6.99,7.68
2018-06-01,ICICI Bank,4.09,4.4,5.01
2018-06-01,Axis Bank,5.44,5.84,6.06
2018-06-01,Kotak Mahindra Bank,8.09,8.35,9.01
2018-06-01,Punjab National Bank,7.83,8.4,9.13
2018-06-01,Canara Bank,6.0,6.79,7.53
2018-07-01,HDFC Bank,7.14,7.82,8.43
2018-07-01,SBI,4.05,4.65,4.87
2018-07-01,ICICI Bank,5.85,6.72,7.42
2018-07-01,Axis Bank,5.97,6.48,6.79
2018-07-01,Kotak Mahindra Bank,4.13,5.0,5.73
2018-07-01,Punjab National Bank,5.7,5.96,6.7
2018-07-01,Canara Bank,8.44,8.77,9.11
2018-08-01,HDFC Bank,6.79,7.31,7.9
2018-08-01,SBI,6.2,6.42,7.14
2018-08-01,ICICI Bank,7.1,7.3,7.67
2018-08-01,Axis Bank,4.89,5.89,6.18
2018-08-01,Kotak Mahindra Bank,7.76,8.05,8.41
2018-08-01,Punjab National Bank,5.93,6.83,7.24
2018-08-01,Canara Bank,6.57,7.36,7.56
2018-09-01,HDFC Bank,7.92,8.73,9.49
2018-09-01,SBI,5.66,6.55,7.33
2018-09-01,ICICI Bank,4.99,5.3,5.9
2018-09-01,Axis Bank,5.46,5.69,6.41
2018-09-01,Kotak Mahindra Bank,5.3,6.24,7.03
2018-09-01,Punjab National Bank,5.9,6.66,7.19
2018-09-01,Canara Bank,5.85,6.15,6.53
2018-10-01,HDFC Bank,8.04,8.27,8.57
2018-10-01,SBI,7.75,8.35,9.1
2018-10-01,ICICI Bank,4.83,5.19,5.99
2018-10-01,Axis Bank,7.61,8.31,9.07
2018-10-01,Kotak Mahindra Bank,8.1,8.86,9.43
2018-10-01,Punjab National Bank,5.01,5.59,6.09
2018-10-01,Canara Bank,6.44,6.72,7.45
2018-11-01,HDFC Bank,4.61,5.4,6.01
2018-11-01,SBI,6.66,7.59,8.2
2018-11-01,ICICI Bank,5.97,6.65,7.35
2018-11-01,Axis Bank,7.24,7.45,7.76
2018-11-01,Kotak Mahindra Bank,7.55,7.82,8.3
2018-11-01,Punjab National Bank,4.8,5.7,6.43
2018-11-01,Canara Bank,4.65,5.1,5.56
2018-12-01,HDFC Bank,4.57,5.18,5.83
2018-12-01,SBI,4.66,5.42,6.18
2018-12-01,ICICI Bank,5.66,6.46,6.9
2018-12-01,Axis Bank,4.58,5.31,5.57
2018-12-01,Kotak Mahindra Bank,6.25,6.47,6.98
2018-12-01,Punjab National Bank,4.51,5.22,5.96
2018-12-01,Canara Bank,6.59,6.94,7.42
2019-01-01,HDFC Bank,5.93,6.22,6.44
2019-01-01,SBI,5.99,6.72,7.47
2019-01-01,ICICI Bank,7.12,7.84,8.37
2019-01-01,Axis Bank,5.48,6.47,7.26
2019-01-01,Kotak Mahindra Bank,6.02,6.63,7.3
2019-01-01,Punjab National Bank,7.48,7.94,8.46
2019-01-01,Canara Bank,4.14,4.52,5.0
2019-02-01,HDFC Bank,8.45,9.34,9.63
2019-02-01,SBI,5.77,6.63,7.22
2019-02-01,ICICI Bank,4.52,4.74,5.21
2019-02-01,Axis Bank,4.88,5.53,6.06
2019-02-01,Kotak Mahindra Bank,8.19,8.52,8.84
2019-02-01,Punjab National Bank,4.79,5.54,6.26
2019-02-01,Canara Bank,5.75,6.26,6.9
2019-03-01,HDFC Bank,4.67,5.38,6.15
2019-03-01,SBI,4.59,5.41,5.93
2019-03-01,ICICI Bank,5.92,6.83,7.5
2019-03-01,Axis Bank,8.21,8.94,9.43
2019-03-01,Kotak Mahindra Bank,4.82,5.35,6.0
2019-03-01,Punjab National Bank,4.52,4.88,5.3
2019-03-01,Canara Bank,5.56,6.53,6.9
2019-04-01,HDFC Bank,8.03,8.83,9.22
2019-04-01,SBI,7.2,7.96,8.3
2019-04-01,ICICI Bank,7.23,7.9,8.47
2019-04-01,Axis Bank,6.77,7.41,8.12
2019-04-01,Kotak Mahindra Bank,7.08,7.52,7.9
2019-04-01,Punjab National Bank,7.74,8.42,8.82
2019-04-01,Canara Bank,7.85,8.25,9.05
2019-05-01,HDFC Bank,7.6,8.05,8.28
2019-05-01,SBI,7.94,8.58,8.79
2019-05-01,ICICI Bank,6.71,7.2,7.85
2019-05-01,Axis Bank,7.19,8.04,8.6
2019-05-01,Kotak Mahindra Bank,4.42,5.26,5.67
2019-05-01,Punjab National Bank,8.15,8.83,9.26
2019-05-01,Canara Bank,6.36,7.29,7.77
2019-06-01,HDFC Bank,5.75,6.35,6.64
2019-06-01,SBI,8.19,8.81,9.14
2019-06-01,ICICI Bank,6.66,7.27,7.5
2019-06-01,Axis Bank,5.93,6.24,6.8
2019-06-01,Kotak Mahindra Bank,4.49,5.16,5.61
2019-06-01,Punjab National Bank,6.96,7.92,8.37
2019-06-01,Canara Bank,7.21,7.41,7.73
2019-07-01,HDFC Bank,4.89,5.38,6.12
2019-07-01,SBI,5.48,5.82,6.19
2019-07-01,ICICI Bank,7.32,8.01,8.71
2019-07-01,Axis Bank,7.66,8.22,8.67
2019-07-01,Kotak Mahindra Bank,6.17,7.1,7.49
2019-07-01,Punjab National Bank,5.17,5.69,6.33
2019-07-01,Canara Bank,4.97,5.25,5.63
2019-08-01,HDFC Bank,5.99,6.27,7.06
2019-08-01,SBI,5.64,6.2,6.79
2019-08-01,ICICI Bank,4.75,5.66,6.23
2019-08-01,Axis Bank,6.89,7.29,7.97
2019-08-01,Kotak Mahindra Bank,4.42,4.87,5.19
2019-08-01,Punjab National Bank,5.44,5.78,6.4
2019-08-01,Canara Bank,6.46,7.07,7.56
2019-09-01,HDFC Bank,8.3,8.55,9.24
2019-09-01,SBI,5.9,6.47,7.14
2019-09-01,ICICI Bank,6.37,6.88,7.45
2019-09-01,Axis Bank,4.62,5.39,6.07
2019-09-01,Kotak Mahindra Bank,7.45,8.07,8.62
2019-09-01,Punjab National Bank,5.77,6.3,6.68
2019-09-01,Canara Bank,6.73,7.16,7.56
2019-10-01,HDFC Bank,6.54,7.22,7.94
2019-10-01,SBI,7.12,7.64,8.01
2019-10-01,ICICI Bank,7.43,8.17,8.64
2019-10-01,Axis Bank,5.67,6.06,6.47
2019-10-01,Kotak Mahindra Bank,5.55,6.33,6.94
2019-10-01,Punjab National Bank,4.66,5.31,5.89
2019-10-01,Canara Bank,5.9,6.52,7.1
2019-11-01,HDFC Bank,8.15,8.49,8.92
2019-11-01,SBI,5.4,6.3,6.81
2019-11-01,ICICI Bank,4.86,5.18,5.66
2019-11-01,Axis Bank,6.91,7.62,7.87
2019-11-01,Kotak Mahindra Bank,5.12,5.71,6.29
2019-11-01,Punjab National Bank,6.08,6.46,7.12
2019-11-01,Canara Bank,6.59,7.44,7.71
2019-12-01,HDFC Bank,7.02,8.0,8.58
2019-12-01,SBI,5.21,5.55,6.15
2019-12-01,ICICI Bank,6.55,7.28,7.56
2019-12-01,Axis Bank,7.41,7.84,8.23
2019-12-01,Kotak Mahindra Bank,4.48,4.83,5.36
2019-12-01,Punjab National Bank,4.38,4.67,5.3
2019-12-01,Canara Bank,5.0,5.47,5.86
2020-01-01,HDFC Bank,7.13,8.01,8.27
2020-01-01,SBI,7.15,7.77,8.23
2020-01-01,ICICI Bank,6.42,7.22,7.83
2020-01-01,Axis Bank,6.3,7.13,7.84
2020-01-01,Kotak Mahindra Bank,8.47,9.15,9.89
2020-01-01,Punjab National Bank,4.42,5.33,5.95
2020-01-01,Canara Bank,7.0,7.67,7.91
2020-02-01,HDFC Bank,7.35,7.69,8.25
2020-02-01,SBI,4.42,5.41,5.92
2020-02-01,ICICI Bank,5.18,5.86,6.59
2020-02-01,Axis Bank,7.25,8.08,8.44
2020-02-01,Kotak Mahindra Bank,4.31,4.71,5.2
2020-02-01,Punjab National Bank,8.29,8.83,9.15
2020-02-01,Canara Bank,6.33,6.96,7.29
2020-03-01,HDFC Bank,4.93,5.58,6.06
2020-03-01,SBI,8.02,8.62,9.24
2020-03-01,ICICI Bank,4.04,4.61,5.39
2020-03-01,Axis Bank,7.56,8.3,9.04
2020-03-01,Kotak Mahindra Bank,5.79,6.04,6.71
2020-03-01,Punjab National Bank,4.57,4.91,5.45
2020-03-01,Canara Bank,5.92,6.44,7.02
2020-04-01,HDFC Bank,7.9,8.68,9.48
2020-04-01,SBI,4.37,5.03,5.47
2020-04-01,ICICI Bank,7.24,7.6,7.83
2020-04-01,Axis Bank,6.99,7.65,8.44
2020-04-01,Kotak Mahindra Bank,4.3,5.23,5.44
2020-04-01,Punjab National Bank,4.6,5.32,6.02
2020-04-01,Canara Bank,6.65,7.25,7.97
2020-05-01,HDFC Bank,6.54,6.91,7.26
2020-05-01,SBI,7.87,8.46,8.96
2020-05-01,ICICI Bank,4.13,4.41,4.78
2020-05-01,Axis Bank,4.42,4.76,5.02
2020-05-01,Kotak Mahindra Bank,6.53,6.75,7.14
2020-05-01,Punjab National Bank,5.03,5.75,6.51
2020-05-01,Canara Bank,6.02,6.28,6.81
2020-06-01,HDFC Bank,7.05,7.97,8.18
2020-06-01,SBI,4.9,5.13,5.5
2020-06-01,ICICI Bank,6.07,6.32,7.02
2020-06-01,Axis Bank,4.97,5.29,6.07
2020-06-01,Kotak Mahindra Bank,6.12,7.0,7.48
2020-06-01,Punjab National Bank,7.82,8.37,9.12
2020-06-01,Canara Bank,6.92,7.62,7.96
2020-07-01,HDFC Bank,6.36,6.69,7.34
2020-07-01,SBI,7.88,8.35,8.6
2020-07-01,ICICI Bank,7.87,8.58,9.0
2020-07-01,Axis Bank,7.19,7.54,8.16
2020-07-01,Kotak Mahindra Bank,7.92,8.46,8.85
2020-07-01,Punjab National Bank,7.85,8.12,8.78
2020-07-01,Canara Bank,7.47,7.88,8.38
2020-08-01,HDFC Bank,8.1,8.62,9.21
2020-08-01,SBI,4.68,4.93,5.51
2020-08-01,ICICI Bank,4.48,5.13,5.68
2020-08-01,Axis Bank,4.62,5.09,5.79
2020-08-01,Kotak Mahindra Bank,5.27,5.78,6.49
2020-08-01,Punjab National Bank,7.21,8.11,8.88
2020-08-01,Canara Bank,8.31,8.77,9.06
2020-09-01,HDFC Bank,6.21,6.48,6.98
2020-09-01,SBI,4.96,5.39,5.99
2020-09-01,ICICI Bank,7.58,8.05,8.68
2020-09-01,Axis Bank,8.42,9.04,9.69
2020-09-01,Kotak Mahindra Bank,4.3,4.52,5.17
2020-09-01,Punjab National Bank,7.21,7.55,8.29
2020-09-01,Canara Bank,5.79,6.11,6.43
2020-10-01,HDFC Bank,7.51,8.02,8.39
2020-10-01,SBI,4.25,5.11,5.47
2020-10-01,ICICI Bank,6.35,6.81,7.48
2020-10-01,Axis Bank,6.63,7.54,8.17
2020-10-01,Kotak Mahindra Bank,5.78,6.29,6.87
2020-10-01,Punjab National Bank,6.16,7.1,7.41
2020-10-01,Canara Bank,7.59,8.09,8.35
2020-11-01,HDFC Bank,6.83,7.64,8.19
2020-11-01,SBI,5.19,5.61,5.91
2020-11-01,ICICI Bank,4.52,4.76,5.05
2020-11-01,Axis Bank,4.1,4.86,5.15
2020-11-01,Kotak Mahindra Bank,5.71,6.0,6.26
2020-11-01,Punjab National Bank,7.01,7.7,8.01
2020-11-01,Canara Bank,5.14,5.34,5.94
2020-12-01,HDFC Bank,7.61,8.5,8.98
2020-12-01,SBI,8.45,8.85,9.63
2020-12-01,ICICI Bank,5.35,5.81,6.51
2020-12-01,Axis Bank,7.33,7.69,7.98
2020-12-01,Kotak Mahindra Bank,8.37,9.29,10.05
2020-12-01,Punjab National Bank,7.63,8.07,8.28
2020-12-01,Canara Bank,6.45,7.4,8.14
2021-01-01,HDFC Bank,4.29,4.72,5.45
2021-01-01,SBI,5.53,5.86,6.54
2021-01-01,ICICI Bank,4.06,4.64,5.29
2021-01-01,Axis Bank,7.64,8.22,8.61
2021-01-01,Kotak Mahindra Bank,5.07,5.51,5.77
2021-01-01,Punjab National Bank,8.42,8.93,9.71
2021-01-01,Canara Bank,6.39,6.6,7.01
2021-02-01,HDFC Bank,5.17,5.64,5.87
2021-02-01,SBI,5.85,6.13,6.85
2021-02-01,ICICI Bank,7.39,8.08,8.59
2021-02-01,Axis Bank,6.86,7.33,7.85
2021-02-01,Kotak Mahindra Bank,8.32,8.93,9.18
2021-02-01,Punjab National Bank,8.12,8.96,9.31
2021-02-01,Canara Bank,5.12,5.98,6.77
2021-03-01,HDFC Bank,7.23,7.65,8.33
2021-03-01,SBI,7.33,8.07,8.58
2021-03-01,ICICI Bank,4.91,5.69,5.91
2021-03-01,Axis Bank,7.81,8.35,8.77
2021-03-01,Kotak Mahindra Bank,6.38,7.23,7.63
2021-03-01,Punjab National Bank,7.86,8.46,8.75
2021-03-01,Canara Bank,8.07,8.78,9.24
2021-04-01,HDFC Bank,4.59,5.13,5.59
2021-04-01,SBI,5.71,6.15,6.67
2021-04-01,ICICI Bank,7.97,8.62,8.92
2021-04-01,Axis Bank,4.05,5.03,5.6
2021-04-01,Kotak Mahindra Bank,7.2,7.75,8.46
2021-04-01,Punjab National Bank,7.63,8.23,8.92
2021-04-01,Canara Bank,4.41,5.31,5.77
2021-05-01,HDFC Bank,5.39,5.92,6.13
2021-05-01,SBI,4.25,4.64,5.15
2021-05-01,ICICI Bank,5.33,5.9,6.62
2021-05-01,Axis Bank,4.45,5.29,5.88
2021-05-01,Kotak Mahindra Bank,8.13,8.36,8.84
2021-05-01,Punjab National Bank,4.4,4.87,5.59
2021-05-01,Canara Bank,4.01,4.5,5.14
2021-06-01,HDFC Bank,8.15,8.55,8.79
2021-06-01,SBI,4.19,4.53,5.06
2021-06-01,ICICI Bank,4.06,4.78,5.03
2021-06-01,Axis Bank,4.81,5.73,6.47
2021-06-01,Kotak Mahindra Bank,6.56,7.35,8.0
2021-06-01,Punjab National Bank,4.4,5.28,5.76
2021-06-01,Canara Bank,5.77,6.62,7.33
2021-07-01,HDFC Bank,4.55,5.22,5.66
2021-07-01,SBI,4.27,5.09,5.66
2021-07-01,ICICI Bank,7.95,8.89,9.29
2021-07-01,Axis Bank,5.47,6.22,6.43
2021-07-01,Kotak Mahindra Bank,8.09,8.52,8.77
2021-07-01,Punjab National Bank,5.51,6.35,6.83
2021-07-01,Canara Bank,5.65,5.92,6.29
2021-08-01,HDFC Bank,4.41,4.67,5.35
2021-08-01,SBI,4.46,4.76,5.51
2021-08-01,ICICI Bank,4.01,4.35,4.94
2021-08-01,Axis Bank,7.13,8.1,8.73
2021-08-01,Kotak Mahindra Bank,5.97,6.25,6.86
2021-08-01,Punjab National Bank,5.37,5.89,6.6
2021-08-01,Canara Bank,6.8,7.7,7.94
2021-09-01,HDFC Bank,7.02,7.39,8.16
2021-09-01,SBI,6.26,6.6,7.05
2021-09-01,ICICI Bank,7.74,8.64,8.88
2021-09-01,Axis Bank,7.95,8.82,9.56
2021-09-01,Kotak Mahindra Bank,5.51,5.88,6.39
2021-09-01,Punjab National Bank,4.72,5.64,6.33
2021-09-01,Canara Bank,7.19,7.78,8.39
2021-10-01,HDFC Bank,6.37,6.81,7.03
2021-10-01,SBI,8.18,8.77,9.49
2021-10-01,ICICI Bank,7.48,8.29,8.7
2021-10-01,Axis Bank,7.21,7.86,8.35
2021-10-01,Kotak Mahindra Bank,5.36,6.23,6.95
2021-10-01,Punjab National Bank,4.15,4.87,5.23
2021-10-01,Canara Bank,7.42,7.94,8.43
2021-11-01,HDFC Bank,8.14,8.67,9.09
2021-11-01,SBI,8.11,8.6,8.88
2021-11-01,ICICI Bank,6.05,6.55,7.23
2021-11-01,Axis Bank,6.8,7.37,7.94
2021-11-01,Kotak Mahindra Bank,5.79,6.39,7.06
2021-11-01,Punjab National Bank,8.01,8.32,8.91
2021-11-01,Canara Bank,6.24,6.84,7.22
2021-12-01,HDFC Bank,6.61,6.89,7.17
2021-12-01,SBI,5.8,6.6,6.89
2021-12-01,ICICI Bank,4.63,5.31,5.77
2021-12-01,Axis Bank,5.94,6.9,7.55
2021-12-01,Kotak Mahindra Bank,8.32,8.9,9.44
2021-12-01,Punjab National Bank,6.92,7.71,8.21
2021-12-01,Canara Bank,6.19,6.95,7.53
2022-01-01,HDFC Bank,7.97,8.56,8.81
2022-01-01,SBI,5.54,6.23,6.73
2022-01-01,ICICI Bank,4.23,4.55,4.96
2022-01-01,Axis Bank,7.0,7.96,8.35
2022-01-01,Kotak Mahindra Bank,4.88,5.37,6.06
2022-01-01,Punjab National Bank,6.5,7.1,7.37
2022-01-01,Canara Bank,4.74,5.1,5.54
2022-02-01,HDFC Bank,4.21,5.06,5.36
2022-02-01,SBI,5.92,6.37,7.16
2022-02-01,ICICI Bank,5.82,6.19,6.83
2022-02-01,Axis Bank,5.41,5.83,6.21
2022-02-01,Kotak Mahindra Bank,5.83,6.54,6.93
2022-02-01,Punjab National Bank,4.36,5.24,5.97
2022-02-01,Canara Bank,8.14,8.99,9.65
2022-03-01,HDFC Bank,7.47,8.19,8.95
2022-03-01,SBI,6.92,7.29,7.86
2022-03-01,ICICI Bank,6.23,7.06,7.53
2022-03-01,Axis Bank,7.63,7.98,8.74
2022-03-01,Kotak Mahindra Bank,6.84,7.8,8.01
2022-03-01,Punjab National Bank,5.55,6.07,6.78
2022-03-01,Canara Bank,7.8,8.3,8.77
2022-04-01,HDFC Bank,6.89,7.63,8.43
2022-04-01,SBI,4.48,5.42,5.72
2022-04-01,ICICI Bank,6.18,7.03,7.34
2022-04-01,Axis Bank,8.21,8.59,9.06
2022-04-01,Kotak Mahindra Bank,7.84,8.61,8.9
2022-04-01,Punjab National Bank,5.93,6.9,7.49
2022-04-01,Canara Bank,6.22,7.18,7.89
2022-05-01,HDFC Bank,8.12,8.34,8.73
2022-05-01,SBI,5.56,6.54,7.25
2022-05-01,ICICI Bank,6.15,6.73,7.4
2022-05-01,Axis Bank,6.81,7.44,8.1
2022-05-01,Kotak Mahindra Bank,7.24,8.21,8.86
2022-05-01,Punjab National Bank,8.08,8.58,8.91
2022-05-01,Canara Bank,5.6,5.96,6.45
2022-06-01,HDFC Bank,7.09,7.86,8.38
2022-06-01,SBI,5.15,5.49,6.25
2022-06-01,ICICI Bank,6.88,7.63,8.1
2022-06-01,Axis Bank,5.46,6.13,6.83
2022-06-01,Kotak Mahindra Bank,6.14,6.44,6.9
2022-06-01,Punjab National Bank,8.06,8.93,9.69
2022-06-01,Canara Bank,6.6,7.44,8.23
2022-07-01,HDFC Bank,6.37,7.11,7.75
2022-07-01,SBI,4.44,5.15,5.75
2022-07-01,ICICI Bank,5.88,6.3,6.86
2022-07-01,Axis Bank,8.37,9.31,10.06
2022-07-01,Kotak Mahindra Bank,7.08,7.52,7.83
2022-07-01,Punjab National Bank,6.97,7.82,8.52
2022-07-01,Canara Bank,6.7,6.98,7.24
2022-08-01,HDFC Bank,4.31,4.57,5.2
2022-08-01,SBI,4.96,5.61,6.09
2022-08-01,ICICI Bank,6.38,6.65,7.39
2022-08-01,Axis Bank,8.27,8.85,9.53
2022-08-01,Kotak Mahindra Bank,5.31,6.06,6.35
2022-08-01,Punjab National Bank,4.87,5.55,5.98
2022-08-01,Canara Bank,5.11,5.81,6.12
2022-09-01,HDFC Bank,5.69,6.15,6.84
2022-09-01,SBI,8.37,9.18,9.73
2022-09-01,ICICI Bank,8.34,8.64,9.3
2022-09-01,Axis Bank,7.54,7.91,8.3
2022-09-01,Kotak Mahindra Bank,4.44,4.89,5.4
2022-09-01,Punjab National Bank,7.75,8.36,8.68
2022-09-01,Canara Bank,5.36,6.14,6.57
2022-10-01,HDFC Bank,4.62,5.33,6.11
2022-10-01,SBI,6.39,7.15,7.73
2022-10-01,ICICI Bank,8.1,8.93,9.21
2022-10-01,Axis Bank,6.7,7.05,7.41
2022-10-01,Kotak Mahindra Bank,8.15,8.69,9.22
2022-10-01,Punjab National Bank,4.43,4.92,5.56
2022-10-01,Canara Bank,6.14,6.78,7.26
2022-11-01,HDFC Bank,4.85,5.39,6.14
2022-11-01,SBI,5.7,6.39,6.7
2022-11-01,ICICI Bank,7.72,8.26,8.89
2022-11-01,Axis Bank,6.23,7.02,7.69
2022-11-01,Kotak Mahindra Bank,5.07,6.01,6.64
2022-11-01,Punjab National Bank,6.79,7.09,7.7
2022-11-01,Canara Bank,8.44,9.29,9.61
2022-12-01,HDFC Bank,4.49,4.95,5.69
2022-12-01,SBI,6.69,7.6,8.09
2022-12-01,ICICI Bank,7.64,8.03,8.64
2022-12-01,Axis Bank,6.55,7.49,8.0
2022-12-01,Kotak Mahindra Bank,7.26,7.5,7.9
2022-12-01,Punjab National Bank,7.46,7.68,7.95
2022-12-01,Canara Bank,4.75,5.72,6.27
2023-01-01,HDFC Bank,4.34,5.15,5.44
2023-01-01,SBI,7.89,8.51,9.06
2023-01-01,ICICI Bank,7.36,8.06,8.29
2023-01-01,Axis Bank,5.73,6.14,6.38
2023-01-01,Kotak Mahindra Bank,4.55,5.51,6.17
2023-01-01,Punjab National Bank,4.26,4.89,5.6
2023-01-01,Canara Bank,6.8,7.14,7.67
2023-02-01,HDFC Bank,4.87,5.11,5.77
2023-02-01,SBI,4.57,5.48,5.89
2023-02-01,ICICI Bank,7.25,7.76,8.24
2023-02-01,Axis Bank,7.79,8.23,8.93
2023-02-01,Kotak Mahindra Bank,5.62,6.12,6.61
2023-02-01,Punjab National Bank,7.97,8.51,9.06
2023-02-01,Canara Bank,7.22,7.5,7.91
2023-03-01,HDFC Bank,6.34,6.96,7.54
2023-03-01,SBI,7.16,7.98,8.35
2023-03-01,ICICI Bank,7.25,8.06,8.81
2023-03-01,Axis Bank,7.71,8.7,9.06
2023-03-01,Kotak Mahindra Bank,5.29,5.91,6.57
2023-03-01,Punjab National Bank,5.45,5.93,6.6
2023-03-01,Canara Bank,7.7,8.67,9.01
2023-04-01,HDFC Bank,4.63,5.34,6.0
2023-04-01,SBI,6.08,6.48,7.07
2023-04-01,ICICI Bank,4.11,5.06,5.51
2023-04-01,Axis Bank,7.43,7.98,8.29
2023-04-01,Kotak Mahindra Bank,5.48,5.92,6.27
2023-04-01,Punjab National Bank,7.97,8.93,9.43
2023-04-01,Canara Bank,4.68,4.99,5.29
2023-05-01,HDFC Bank,4.82,5.11,5.69
2023-05-01,SBI,6.39,7.2,7.92
2023-05-01,ICICI Bank,7.21,7.84,8.39
2023-05-01,Axis Bank,8.42,8.9,9.48
2023-05-01,Kotak Mahindra Bank,7.89,8.44,8.87
2023-05-01,Punjab National Bank,4.71,5.31,5.51
2023-05-01,Canara Bank,6.44,6.74,7.46
2023-06-01,HDFC Bank,5.15,5.6,6.39
2023-06-01,SBI,4.08,4.41,4.89
2023-06-01,ICICI Bank,5.34,6.33,6.89
2023-06-01,Axis Bank,6.9,7.3,7.73
2023-06-01,Kotak Mahindra Bank,6.76,7.69,7.89
2023-06-01,Punjab National Bank,6.78,7.31,7.53
2023-06-01,Canara Bank,7.22,7.74,8.14
2023-07-01,HDFC Bank,7.64,8.38,8.84
2023-07-01,SBI,4.1,4.96,5.29
2023-07-01,ICICI Bank,7.78,8.7,9.4
2023-07-01,Axis Bank,5.59,5.88,6.24
2023-07-01,Kotak Mahindra Bank,6.86,7.59,8.39
2023-07-01,Punjab National Bank,4.25,4.5,5.13
2023-07-01,Canara Bank,6.34,6.94,7.49
2023-08-01,HDFC Bank,8.14,8.49,9.03
2023-08-01,SBI,6.91,7.35,8.04
2023-08-01,ICICI Bank,7.96,8.72,9.13
2023-08-01,Axis Bank,5.68,6.53,6.99
2023-08-01,Kotak Mahindra Bank,8.12,8.6,9.26
2023-08-01,Punjab National Bank,4.52,4.79,5.53
2023-08-01,Canara Bank,8.49,8.71,9.07
2023-09-01,HDFC Bank,7.36,8.15,8.86
2023-09-01,SBI,5.07,5.29,5.71
2023-09-01,ICICI Bank,7.74,8.37,9.02
2023-09-01,Axis Bank,5.57,5.83,6.54
2023-09-01,Kotak Mahindra Bank,6.93,7.52,8.08
2023-09-01,Punjab National Bank,4.79,5.13,5.42
2023-09-01,Canara Bank,6.18,6.45,6.86
2023-10-01,HDFC Bank,8.48,9.32,9.81
2023-10-01,SBI,5.24,5.54,5.82
2023-10-01,ICICI Bank,6.2,7.19,7.89
2023-10-01,Axis Bank,7.16,7.97,8.44
2023-10-01,Kotak Mahindra Bank,8.14,9.0,9.54
2023-10-01,Punjab National Bank,6.21,6.41,6.92
2023-10-01,Canara Bank,5.25,5.66,6.05
2023-11-01,HDFC Bank,4.54,4.74,5.0
2023-11-01,SBI,5.15,6.13,6.66
2023-11-01,ICICI Bank,6.26,6.66,7.27
2023-11-01,Axis Bank,5.39,6.21,6.61
2023-11-01,Kotak Mahindra Bank,4.63,5.51,6.02
2023-11-01,Punjab National Bank,4.27,4.52,4.86
2023-11-01,Canara Bank,8.46,8.73,9.32
2023-12-01,HDFC Bank,6.66,7.17,7.59
2023-12-01,SBI,7.8,8.62,9.0
2023-12-01,ICICI Bank,6.25,6.8,7.36
2023-12-01,Axis Bank,5.46,5.75,6.05
2023-12-01,Kotak Mahindra Bank,7.42,7.69,8.4
2023-12-01,Punjab National Bank,7.46,7.89,8.38
2023-12-01,Canara Bank,5.82,6.71,7.18
2024-01-01,HDFC Bank,6.96,7.31,7.73
2024-01-01,SBI,4.95,5.93,6.14
2024-01-01,ICICI Bank,5.62,6.57,6.88
2024-01-01,Axis Bank,6.74,7.49,7.8
2024-01-01,Kotak Mahindra Bank,7.63,8.54,8.95
2024-01-01,Punjab National Bank,6.73,7.51,8.0
2024-01-01,Canara Bank,7.93,8.28,8.68
2024-02-01,HDFC Bank,5.82,6.03,6.63
2024-02-01,SBI,5.57,6.35,7.12
2024-02-01,ICICI Bank,6.31,6.85,7.27
2024-02-01,Axis Bank,5.86,6.38,6.96
2024-02-01,Kotak Mahindra Bank,6.1,6.9,7.25
2024-02-01,Punjab National Bank,4.02,4.55,5.02
2024-02-01,Canara Bank,6.34,6.68,7.31
2024-03-01,HDFC Bank,7.2,7.48,8.07
2024-03-01,SBI,6.75,7.2,7.46
2024-03-01,ICICI Bank,6.87,7.46,8.25
2024-03-01,Axis Bank,6.14,6.81,7.53
2024-03-01,Kotak Mahindra Bank,4.09,4.42,5.15
2024-03-01,Punjab National Bank,4.5,4.81,5.49
2024-03-01,Canara Bank,4.68,4.93,5.6
2024-04-01,HDFC Bank,5.28,6.01,6.43
2024-04-01,SBI,4.87,5.7,6.18
2024-04-01,ICICI Bank,6.26,6.56,6.96
2024-04-01,Axis Bank,5.15,6.14,6.9
2024-04-01,Kotak Mahindra Bank,7.68,8.42,8.86
2024-04-01,Punjab National Bank,5.49,6.26,7.02
2024-04-01,Canara Bank,8.24,8.74,9.27
2024-05-01,HDFC Bank,6.82,7.15,7.55
2024-05-01,SBI,7.38,7.59,8.22
2024-05-01,ICICI Bank,8.27,8.74,9.48
2024-05-01,Axis Bank,7.58,7.96,8.34
2024-05-01,Kotak Mahindra Bank,5.78,6.58,6.8
2024-05-01,Punjab National Bank,7.46,7.83,8.5
2024-05-01,Canara Bank,6.05,6.27,6.84
2024-06-01,HDFC Bank,6.76,7.39,8.01
2024-06-01,SBI,5.98,6.64,7.06
2024-06-01,ICICI Bank,7.38,8.1,8.63
2024-06-01,Axis Bank,6.62,6.84,7.57
2024-06-01,Kotak Mahindra Bank,7.56,8.44,9.03
2024-06-01,Punjab National Bank,5.65,6.3,6.79
2024-06-01,Canara Bank,8.06,8.67,8.93
2024-07-01,HDFC Bank,6.73,7.71,8.26
2024-07-01,SBI,4.55,5.33,6.07
2024-07-01,ICICI Bank,4.21,4.83,5.49
2024-07-01,Axis Bank,5.96,6.51,6.74
2024-07-01,Kotak Mahindra Bank,7.18,7.58,7.85
2024-07-01,Punjab National Bank,5.04,5.6,5.84
2024-07-01,Canara Bank,4.09,4.97,5.44
2024-08-01,HDFC Bank,5.41,6.18,6.93
2024-08-01,SBI,5.19,5.99,6.5
2024-08-01,ICICI Bank,5.07,5.57,6.17
2024-08-01,Axis Bank,5.23,5.89,6.6
2024-08-01,Kotak Mahindra Bank,5.07,5.99,6.78
2024-08-01,Punjab National Bank,4.6,5.24,5.53
2024-08-01,Canara Bank,6.9,7.32,7.64
2024-09-01,HDFC Bank,8.39,8.99,9.66
2024-09-01,SBI,8.21,9.14,9.54
2024-09-01,ICICI Bank,4.27,5.1,5.67
2024-09-01,Axis Bank,8.05,8.29,8.81
2024-09-01,Kotak Mahindra Bank,7.11,7.97,8.51
2024-09-01,Punjab National Bank,4.3,4.93,5.19
2024-09-01,Canara Bank,5.33,5.95,6.72
2024-10-01,HDFC Bank,5.57,5.95,6.6
2024-10-01,SBI,5.98,6.93,7.58
2024-10-01,ICICI Bank,4.73,5.6,6.21
2024-10-01,Axis Bank,7.6,8.18,8.65
2024-10-01,Kotak Mahindra Bank,4.52,5.4,5.81
2024-10-01,Punjab National Bank,6.94,7.8,8.24
2024-10-01,Canara Bank,6.25,6.55,7.22
2024-11-01,HDFC Bank,6.12,6.85,7.25
2024-11-01,SBI,5.35,5.65,5.86
2024-11-01,ICICI Bank,6.94,7.54,7.8
2024-11-01,Axis Bank,5.78,6.48,6.87
2024-11-01,Kotak Mahindra Bank,5.16,5.49,5.93
2024-11-01,Punjab National Bank,6.18,7.11,7.38
2024-11-01,Canara Bank,7.25,7.55,7.8
2024-12-01,HDFC Bank,5.11,5.41,5.87
2024-12-01,SBI,6.14,6.43,6.65
2024-12-01,ICICI Bank,7.22,7.71,8.29
2024-12-01,Axis Bank,6.66,7.66,7.94
2024-12-01,Kotak Mahindra Bank,8.07,8.43,9.2
2024-12-01,Punjab National Bank,7.97,8.53,8.98
2024-12-01,Canara Bank,4.94,5.49,5.86
2025-01-01,HDFC Bank,7.23,7.56,8.19
2025-01-01,SBI,6.92,7.24,7.75
2025-01-01,ICICI Bank,6.96,7.44,7.67
2025-01-01,Axis Bank,6.1,6.9,7.2
2025-01-01,Kotak Mahindra Bank,7.87,8.5,8.88
2025-01-01,Punjab National Bank,8.02,8.65,8.97
2025-01-01,Canara Bank,4.11,4.91,5.38
2025-02-01,HDFC Bank,7.73,8.28,9.07
2025-02-01,SBI,6.3,7.1,7.5
2025-02-01,ICICI Bank,6.37,6.57,6.87
2025-02-01,Axis Bank,5.54,6.53,6.78
2025-02-01,Kotak Mahindra Bank,6.09,6.48,6.86
2025-02-01,Punjab National Bank,5.81,6.4,6.61
2025-02-01,Canara Bank,5.41,5.77,6.09
2025-03-01,HDFC Bank,7.36,8.32,8.91
2025-03-01,SBI,8.26,8.83,9.44
2025-03-01,ICICI Bank,7.59,8.15,8.86
2025-03-01,Axis Bank,7.57,8.53,9.1
2025-03-01,Kotak Mahindra Bank,6.8,7.3,7.9
2025-03-01,Punjab National Bank,6.5,6.93,7.45
2025-03-01,Canara Bank,7.78,8.23,8.45
2025-04-01,HDFC Bank,7.86,8.1,8.47
2025-04-01,SBI,7.46,7.97,8.64
2025-04-01,ICICI Bank,6.42,6.67,7.11
2025-04-01,Axis Bank,7.54,8.17,8.84
2025-04-01,Kotak Mahindra Bank,8.08,8.83,9.62
2025-04-01,Punjab National Bank,5.96,6.7,7.2
2025-04-01,Canara Bank,5.79,6.12,6.79
2025-05-01,HDFC Bank,7.48,7.72,8.2
2025-05-01,SBI,4.08,4.87,5.56
2025-05-01,ICICI Bank,7.11,7.79,8.27
2025-05-01,Axis Bank,7.33,7.72,8.09
2025-05-01,Kotak Mahindra Bank,5.3,6.03,6.4
2025-05-01,Punjab National Bank,5.68,6.36,6.93
2025-05-01,Canara Bank,7.39,8.09,8.68
2025-06-01,HDFC Bank,8.14,8.94,9.57
2025-06-01,SBI,6.96,7.44,8.23
2025-06-01,ICICI Bank,6.94,7.16,7.51
2025-06-01,Axis Bank,4.61,5.18,5.52
2025-06-01,Kotak Mahindra Bank,7.22,7.52,8.17
2025-06-01,Punjab National Bank,7.22,8.02,8.49
2025-06-01,Canara Bank,7.66,7.93,8.65
2025-07-01,HDFC Bank,4.36,5.17,5.79
2025-07-01,SBI,6.33,6.67,7.16
2025-07-01,ICICI Bank,5.3,5.87,6.53
2025-07-01,Axis Bank,6.99,7.87,8.6
2025-07-01,Kotak Mahindra Bank,7.76,8.36,9.02
2025-07-01,Punjab National Bank,7.57,8.19,8.71
2025-07-01,Canara Bank,7.67,8.05,8.59
2025-08-01,HDFC Bank,8.5,9.29,9.66
2025-08-01,SBI,5.87,6.6,6.82
2025-08-01,ICICI Bank,6.65,7.04,7.68
2025-08-01,Axis Bank,4.76,5.24,5.83
2025-08-01,Kotak Mahindra Bank,6.67,7.39,7.78
2025-08-01,Punjab National Bank,4.29,4.57,5.36
2025-08-01,Canara Bank,4.22,4.9,5.58
2025-09-01,HDFC Bank,4.47,4.85,5.41
2025-09-01,SBI,7.95,8.48,8.96
2025-09-01,ICICI Bank,4.26,5.0,5.37
2025-09-01,Axis Bank,7.25,8.2,8.81
2025-09-01,Kotak Mahindra Bank,8.3,8.69,9.11
2025-09-01,Punjab National Bank,5.88,6.32,6.6
2025-09-01,Canara Bank,8.27,8.8,9.59
2025-10-01,HDFC Bank,5.3,5.95,6.73
2025-10-01,SBI,5.77,6.56,7.33
2025-10-01,ICICI Bank,5.59,6.15,6.92
2025-10-01,Axis Bank,5.0,5.82,6.53
2025-10-01,Kotak Mahindra Bank,7.48,8.04,8.49
2025-10-01,Punjab National Bank,5.83,6.44,6.88
2025-10-01,Canara Bank,6.02,6.88,7.45
2025-11-01,HDFC Bank,7.0,7.22,7.59
2025-11-01,SBI,7.19,7.53,8.02
2025-11-01,ICICI Bank,6.91,7.63,8.32
2025-11-01,Axis Bank,8.23,9.05,9.36
2025-11-01,Kotak Mahindra Bank,7.46,8.32,9.04
2025-11-01,Punjab National Bank,6.77,7.76,8.38
2025-11-01,Canara Bank,8.33,9.26,9.84
2025-12-01,HDFC Bank,7.73,8.3,8.84
2025-12-01,SBI,5.94,6.45,7.14
2025-12-01,ICICI Bank,5.39,6.18,6.58
2025-12-01,Axis Bank,7.26,7.87,8.11
2025-12-01,Kotak Mahindra Bank,4.05,4.65,4.89
2025-12-01,Punjab National Bank,4.29,4.6,4.85
2025-12-01,Canara Bank,4.6,5.47,5.81
